6bb0588ad8e7f922e4ad5580f51265a4097af08f	aa1f2fcf512988eb8890d9352e601b898d6fdb2c	2026-08-14T08:17:00+09:00	0xSHKWON	common/lru, core/vm: count key bytes against the precompile cache budget (#35526)
f1df7a0e26df97359d03974e7e30db7a3f070663	6bb0588ad8e7f922e4ad5580f51265a4097af08f	2026-08-17T15:22:20+09:00	이호재	eth: return error instead of panicking on debug_executionWitness (#35544)
6017c756e2b07fc39a8b51af39c80dd6a4d8d185	f1df7a0e26df97359d03974e7e30db7a3f070663	2026-08-17T15:08:13+02:00	Csaba Kiraly	crypto/kzg4844: add BlobsFromDataCells for zero-KZG blob reconstruction (#35528)
26d0b2171c17339bb8fd164d8ed6830738d3bf13	6017c756e2b07fc39a8b51af39c80dd6a4d8d185	2026-08-18T09:40:10+08:00	rjl493456442	core, eth/catalyst, beacon/engine: update for glam8 (#35514)
35a016346f0d79bf0cf2e07b4f5d146d87fd95cb	26d0b2171c17339bb8fd164d8ed6830738d3bf13	2026-08-19T15:19:32+02:00	Csaba Kiraly	crypto/kzg4844: add RecoverCells with systematic fast path (#35529)
02b73d4ea7181464175e0a6cbecc0a3a2655a562	35a016346f0d79bf0cf2e07b4f5d146d87fd95cb	2026-08-20T10:58:14+02:00	Csaba Kiraly	p2p/discover: try to fix TestUDPv5_lookupE2E by using SetFallbackUDP (#35542)
7da8016e9421c07c7c1e333b91d4ad402b7c939d	02b73d4ea7181464175e0a6cbecc0a3a2655a562	2026-08-24T04:53:31+02:00	Csaba Kiraly	core/txpool/blobpool: speed up serving pre eth/72 peers (#35543)
560610ac3174dbb6b96b2a7a1a92e9a59861a694	7da8016e9421c07c7c1e333b91d4ad402b7c939d	2026-08-24T08:41:54+05:30	Vivek Singh Solanki	go.mod: update cockroachdb/swiss to fix build on Go 1.27 (#35568)
33382216b3c876e6b6a9605e029e26fdbf51e407	560610ac3174dbb6b96b2a7a1a92e9a59861a694	2026-08-23T23:23:05-05:00	Jonny Rhea	cmd/evm/testdata/evmrun: fix flaky benchmark duration regex (#35560)
bfb4c5ea5a8954ba6dd07bb44dffff0bb667988d	33382216b3c876e6b6a9605e029e26fdbf51e407	2026-08-24T13:33:13+08:00	rjl493456442	eth/protocols/snap: parallelize the state response processing (#35533)
cbf641ab47e302b5fcc578c3cc7fca5357a146b2	bfb4c5ea5a8954ba6dd07bb44dffff0bb667988d	2026-08-24T16:45:59+09:00	Geunhwa Jeong	core/txpool/locals: check close error before replacing journal (#35564)
482ea66c92c3c416f6703c832b21448f8c720b8b	cbf641ab47e302b5fcc578c3cc7fca5357a146b2	2026-08-24T15:47:37+08:00	riba2534	core/txpool/blobpool: do not warn when a blob tx is swapped out by its signer (#35552)
e5566cea633266ab5fc0fdf1b88f2f7dfe800f03	482ea66c92c3c416f6703c832b21448f8c720b8b	2026-08-24T10:02:45+02:00	Barnabas Busa	internal/ethapi: skip unconfigured forks when computing next fork in eth_config (#35553)
5515722cbc34bc5fbb6a82fa56ad9763fd661fd8	e5566cea633266ab5fc0fdf1b88f2f7dfe800f03	2026-08-24T06:50:00-05:00	Jonny Rhea	rpc, eth/catalyst: optimize json decode (#35518)
fcdcc913a3d5ccf439951d4740e121eaf34d32a2	5515722cbc34bc5fbb6a82fa56ad9763fd661fd8	2026-08-24T20:22:36+08:00	rjl493456442	core/rawdb: fix head truncation below a diverged tail group (#35551)
27599a14da759a559102f29e435b94e8ff21cc58	fcdcc913a3d5ccf439951d4740e121eaf34d32a2	2026-08-24T20:41:35+08:00	rayoo	eth/filters: reject GetLogs range with begin > 0 and end == 0 (#35070)
e991e6aafa928410800c1210ee35654c9a4296e9	27599a14da759a559102f29e435b94e8ff21cc58	2026-08-24T14:54:32+02:00	Csaba Kiraly	cmd/devp2p: add more hive discv5 coverage (#34770)
a83a42b397e91ad34e11491a55d14963456c1665	e991e6aafa928410800c1210ee35654c9a4296e9	2026-08-24T15:22:53+02:00	Csaba Kiraly	common/lru: add metered lru cache variant (#33719)
263c01c00dad8cb154fad04b5a7936d9aef36cfb	a83a42b397e91ad34e11491a55d14963456c1665	2026-08-24T21:53:31-05:00	Jonny Rhea	rpc: reject null for required arguments (#35576)
4cf6cbf20cd3d3d601055c366b9fba7e7b91a070	263c01c00dad8cb154fad04b5a7936d9aef36cfb	2026-08-25T03:51:14-05:00	Jonny Rhea	common/lru, core/vm: count entry overhead in the precompile cache budget (#35578)
8a61f6cd5472e39b600528fcba61c354d44a2fd3	4cf6cbf20cd3d3d601055c366b9fba7e7b91a070	2026-08-25T17:49:18+08:00	rjl493456442	core, eth: improve the blob fetcher (#35572)
c57bbe4174252e4315532bffd13de93a87744d89	8a61f6cd5472e39b600528fcba61c354d44a2fd3	2026-08-25T20:51:02+09:00	0xSHKWON	eth/protocols/eth: fix deadlock when re-requesting partial receipts (#35537)
39df8a067638de758a809a7c6b70f02f5e630b79	c57bbe4174252e4315532bffd13de93a87744d89	2026-08-25T16:22:55+02:00	Nebojsa Urosevic	core: honor ExecuteConfig.EnableTracer for the EVM-level tracing hooks (#35512)
44869332cd99c95ec618b726951b77e53c20879d	39df8a067638de758a809a7c6b70f02f5e630b79	2026-08-26T04:37:35+08:00	rjl493456442	.gitea, cmd: deprecate golang 1.24 (#35573)
af7c0fd8ee09de71b1034dbe6d1112556b49b59f	44869332cd99c95ec618b726951b77e53c20879d	2026-08-26T05:33:34+08:00	cui	core/txpool/blobpool: lock lookup when logging corrupt tx blobs (#35429)
fd073543c7044fcfa266551b844ba28ff29b233f	af7c0fd8ee09de71b1034dbe6d1112556b49b59f	2026-08-26T11:04:42+08:00	rjl493456442	beacon/engine, eth/catalyst: fix hive failure (#35580)
e9e35a42f8213235da1fde4f9ac8f3e9ff666b87	fd073543c7044fcfa266551b844ba28ff29b233f	2026-08-26T14:45:22+02:00	Toni Wahrstätter	core: enforce block gas limit in parallel block execution (#35575)
1aea939a5eb8ece1e157f456cbaf77be193d5fa2	e9e35a42f8213235da1fde4f9ac8f3e9ff666b87	2026-08-27T09:43:34+08:00	rjl493456442	core/vm, cmd/geth, tests: remove EIP-7610 implementation (#35581)
596096afebd7004d514416a4dad426bfd5626159	1aea939a5eb8ece1e157f456cbaf77be193d5fa2	2026-08-27T08:45:27+02:00	Bosul Mun	eth/protocols/eth, eth/downloader: reject empty partial receipt responses (#35593)
f054905efaf0ce0701c9f6ae32f65105f3e3a845	596096afebd7004d514416a4dad426bfd5626159	2026-08-27T14:29:28+02:00	Bosul Mun	core/txpool: add blocked transaction size cap (#35367)
57218e569889014108919429e1d74d2944fc4d96	f054905efaf0ce0701c9f6ae32f65105f3e3a845	2026-08-27T21:57:55+09:00	HojaeLee	beacon, cmd, core, params: remove the holesky testnet (#35591)
ed620c2ed03d89406088b9a5fd001006dbec1cb2	57218e569889014108919429e1d74d2944fc4d96	2026-08-28T07:26:17+05:30	Rohan Singh	tests: compare baseFeePerGas with nil-safe Cmp (#35574)
b2a7795f1c464f5e747fdfa05699cdf6bd53e51f	ed620c2ed03d89406088b9a5fd001006dbec1cb2	2026-08-27T20:59:59-05:00	Chase Wright	eth/tracers: make debug_traceCall block parameter optional (#35583)
492912a8294a7358b80a32a48ff2b1de7889a0d4	b2a7795f1c464f5e747fdfa05699cdf6bd53e51f	2026-08-27T21:18:30-05:00	Chase Wright	eth/gasestimator: return used gas for plain transfer estimates (#35592)
86696a8f430db77756a5d1ea9f55c2cf0d742a0e	492912a8294a7358b80a32a48ff2b1de7889a0d4	2026-08-28T11:21:43+09:00	HojaeLee	eth: return iterator errors from debug_storageRangeAt (#35554)
560cc9fc9ea838136a88339ed4f336a471abacea	86696a8f430db77756a5d1ea9f55c2cf0d742a0e	2026-08-28T15:37:08+02:00	Miroslav Kovář	cmd/devp2p/internal/ethtest: add eth/71 (EIP-8159) tests (#35389)
bbb9119caaefbbf619363493e54cc8362d65188d	560cc9fc9ea838136a88339ed4f336a471abacea	2026-08-28T20:42:14+05:30	Vikram Bhattacharjee	eth/protocols/eth: avoid announcing sparse blob txs to legacy peers (#35589)
2dfea58b921acd6bd17771a43871c7392bc23054	bbb9119caaefbbf619363493e54cc8362d65188d	2026-09-01T01:11:39+08:00	rjl493456442	core: add fork validation in state transition (#35588)
1099c4cb9e26a7a6217273d51c2d6eb228d80c6e	2dfea58b921acd6bd17771a43871c7392bc23054	2026-08-31T23:13:29+02:00	Stefan	eth/fetcher: correct the comment on announced-size peer drops (#35620)
f85a4035b113523b9c8529bad7d6f66ab71d4b2e	1099c4cb9e26a7a6217273d51c2d6eb228d80c6e	2026-09-01T05:21:53+08:00	cui	ethclient: return NotFound when block tx count is nil (#35605)
64006a1e1c6281ad570d80129493d602fe081407	f85a4035b113523b9c8529bad7d6f66ab71d4b2e	2026-09-01T10:22:02+08:00	cui	triedb/pathdb: use pathdb prefix for storage clean metric (#35616)
fbc1c37e40f532c36caea6d1fc156060c393a265	64006a1e1c6281ad570d80129493d602fe081407	2026-09-01T19:34:20+08:00	cui	rpc: unescape JSON object keys in fillMessage (#35587)
b20778d77d50e2c9775cb4d2fa872579989c5421	fbc1c37e40f532c36caea6d1fc156060c393a265	2026-09-01T23:57:16+08:00	rjl493456442	build, tests: update test fixture (#35601)
03768ae9d59a0896bd2cb2b2d6339478f23c0794	b20778d77d50e2c9775cb4d2fa872579989c5421	2026-09-01T20:03:56-05:00	Jonny Rhea	eth/tracers: fix test flaking on 0xEF block hashes (#35629)
758192f61875f0675bf4f9479da4780763d21714	03768ae9d59a0896bd2cb2b2d6339478f23c0794	2026-09-02T17:05:43+07:00	Arvin Farrel Pramuditya	docs: update mainnet storage requirements (#35624)
157c94647241b260d19e5a8e01a08e439591e504	758192f61875f0675bf4f9479da4780763d21714	2026-09-02T19:12:46+08:00	aiqubits	core/rawdb: return iterator errors from safe range deletion (#35603)
e4db964e75063adcc4ab55ad3bd3589458aedad4	157c94647241b260d19e5a8e01a08e439591e504	2026-09-02T13:16:31+02:00	Bosul Mun	cmd/devp2p/internal/ethtest: add osaka testdata and eth/72 tests (#35368)
d0e5e44d7c403ce93c2b8f9ea2c9db32986e6dfd	e4db964e75063adcc4ab55ad3bd3589458aedad4	2026-09-02T19:17:40+08:00	cui	eth/tracers/logger: respect log limit in OnEnter and OnExit (#35360)
ff083d4574710ea32b0cf7a6a8ae0f04521d0316	d0e5e44d7c403ce93c2b8f9ea2c9db32986e6dfd	2026-09-03T16:54:28+08:00	cui	eth/protocols/snap: set abort when storage range hits limit hash (#35299)
8cd4949428da9aca2aa54be9bc805d5c79403066	ff083d4574710ea32b0cf7a6a8ae0f04521d0316	2026-09-04T10:52:21+08:00	cui	core/rawdb: close freezer if era database fails to open (#35645)
8a6b06fef836a84850711dfa3799851c4d331fdf	8cd4949428da9aca2aa54be9bc805d5c79403066	2026-09-04T11:26:29+08:00	rjl493456442	core/vm: repay the outstanding debt first after absorbing child frame (#35633)
d799b1a3f20fe9d983bfff6cc53fb246bcab1298	8a6b06fef836a84850711dfa3799851c4d331fdf	2026-09-04T22:31:13+02:00	Bosul Mun	cmd/devp2p: skip eth72 test (#35647)
