1	1	.gitea/workflows/release-azure-cleanup.yml
1	1	.gitea/workflows/release-ppa.yml
5	5	.gitea/workflows/release.yml
6	5	.github/workflows/go.yml
1	1	Dockerfile
8	8	README.md
39	11	beacon/engine/types.go
0	1	beacon/params/checkpoint_holesky.hex
0	16	beacon/params/networks.go
95	96	build/checksums.txt
0	1	cmd/blsync/main.go
1	1	cmd/devp2p/README.md
116	0	cmd/devp2p/internal/ethtest/accesslists.go
24	2	cmd/devp2p/internal/ethtest/conn.go
50	23	cmd/devp2p/internal/ethtest/engine.go
171	0	cmd/devp2p/internal/ethtest/eth71.go
1	1	cmd/devp2p/internal/ethtest/mkchain.sh
1	1	cmd/devp2p/internal/ethtest/protocol.go
1	85	cmd/devp2p/internal/ethtest/snap2.go
390	46	cmd/devp2p/internal/ethtest/suite.go
-	-	cmd/devp2p/internal/ethtest/testdata/chain.rlp
1	0	cmd/devp2p/internal/ethtest/testdata/forkenv.json
9	2	cmd/devp2p/internal/ethtest/testdata/genesis.json
5	4	cmd/devp2p/internal/ethtest/testdata/headblock.json
3	3	cmd/devp2p/internal/ethtest/testdata/headfcu.json
592	592	cmd/devp2p/internal/ethtest/testdata/headstate.json
3940	3339	cmd/devp2p/internal/ethtest/testdata/newpayload.json
90	90	cmd/devp2p/internal/ethtest/testdata/txinfo.json
2	2	cmd/devp2p/internal/ethtest/transaction.go
134	0	cmd/devp2p/internal/v5test/discv5tests.go
0	2	cmd/devp2p/nodesetcmd.go
39	27	cmd/evm/testdata/33/alloc.json
36	22	cmd/evm/testdata/33/exp.json
17	5	cmd/evm/testdata/34/alloc.json
13	3	cmd/evm/testdata/34/exp.json
1	1	cmd/evm/testdata/evmrun/9.out.2.txt
0	2	cmd/geth/chaincmd.go
4	4	cmd/geth/consolecmd_test.go
0	3	cmd/geth/main.go
0	109	cmd/geth/snapshot.go
4	4	cmd/keeper/go.mod
10	10	cmd/keeper/go.sum
4	25	cmd/utils/flags.go
38	4	common/lru/blob_lru.go
51	0	common/lru/blob_lru_test.go
27	8	core/blockchain.go
239	0	core/blockchain_livetracer_test.go
18	1	core/blockchain_test.go
2	2	core/chain_makers_test.go
1	1	core/eip7928_test.go
4	4	core/eip8037_test.go
6	6	core/eip8246_test.go
2	2	core/eth_transfer_logs_test.go
0	4	core/filtermaps/checkpoints.go
0	28	core/filtermaps/checkpoints_holesky.json
0	21	core/forkid/forkid_test.go
26	26	core/genesis.go
0	1	core/genesis_alloc.go
0	1	core/genesis_test.go
1	0	core/rawdb/chain_freezer.go
3	0	core/rawdb/database.go
30	0	core/rawdb/freezer.go
8	9	core/rawdb/freezer_table.go
123	0	core/rawdb/freezer_test.go
3	0	core/state_processor.go
38	4	core/state_processor_parallel.go
4	4	core/state_processor_test.go
10	0	core/state_transition.go
104	7	core/txpool/blobpool/blobpool.go
63	0	core/txpool/blobpool/blobpool_test.go
18	5	core/txpool/blobpool/buffer.go
4	1	core/txpool/blobpool/buffer_test.go
8	0	core/txpool/blobpool/config.go
32	4	core/txpool/blobpool/evictheap.go
64	3	core/txpool/blobpool/evictheap_test.go
6	0	core/txpool/blobpool/metrics.go
3	1	core/txpool/locals/journal.go
0	98	core/vm/eip7610.go
0	62	core/vm/eip7610_test.go
95	0	core/vm/eip8037_test.go
2	4	core/vm/evm.go
11	1	core/vm/gascosts.go
22	1	core/vm/precompile_cache.go
83	0	core/vm/precompile_cache_test.go
147	0	crypto/kzg4844/kzg4844.go
30	0	crypto/kzg4844/kzg4844_ckzg_cgo.go
4	0	crypto/kzg4844/kzg4844_ckzg_nocgo.go
31	0	crypto/kzg4844/kzg4844_gokzg.go
394	0	crypto/kzg4844/kzg4844_test.go
13	0	eth/api_debug.go
29	0	eth/api_debug_test.go
19	11	eth/catalyst/api.go
159	0	eth/catalyst/api_benchmark_test.go
228	0	eth/catalyst/api_forks_test.go
10	0	eth/catalyst/api_test.go
59	3	eth/catalyst/witness.go
276	0	eth/catalyst/witness_fork_test.go
8	1	eth/downloader/fetchers_concurrent.go
70	5	eth/fetcher/blob_fetcher.go
28	0	eth/fetcher/blob_fetcher_test.go
10	6	eth/fetcher/tx_fetcher.go
1	1	eth/filters/api.go
7	6	eth/gasestimator/gasestimator.go
10	0	eth/protocols/eth/broadcast.go
75	12	eth/protocols/eth/dispatcher.go
1	1	eth/protocols/eth/handler.go
1	1	eth/protocols/eth/handlers.go
34	20	eth/protocols/eth/peer.go
40	0	eth/protocols/eth/peer_test.go
3	0	eth/protocols/snap/handler_test.go
1	0	eth/protocols/snap/handlers.go
0	4	eth/protocols/snap/metrics.go
169	180	eth/protocols/snap/sync.go
96	0	eth/protocols/snap/sync_profile.go
318	0	eth/protocols/snap/sync_runner.go
13	0	eth/protocols/snap/sync_test.go
6	1	eth/tracers/api.go
55	13	eth/tracers/api_test.go
12	0	eth/tracers/internal/tracetest/selfdestruct_state_test.go
9	1	eth/tracers/internal/tracetest/supply_test.go
6	0	eth/tracers/logger/logger_json.go
8	2	ethclient/ethclient.go
12	4	ethclient/ethclient_test.go
8	1	ethclient/simulated/backend.go
9	9	go.mod
16	16	go.sum
17	5	internal/ethapi/api.go
104	8	internal/ethapi/api_test.go
117	0	internal/ethapi/testdata/eth_config-bpo-skip.json
3	3	internal/ethapi/testdata/eth_getBlockByHash-hash-1.json
2	2	internal/ethapi/testdata/eth_getBlockByHash-hash-genesis.json
4	4	internal/ethapi/testdata/eth_getBlockByHash-hash-latest-1-fullTx.json
3	3	internal/ethapi/testdata/eth_getBlockByHash-hash-latest.json
2	2	internal/ethapi/testdata/eth_getBlockByNumber-number-0.json
3	3	internal/ethapi/testdata/eth_getBlockByNumber-number-1.json
4	4	internal/ethapi/testdata/eth_getBlockByNumber-number-latest-1.json
3	3	internal/ethapi/testdata/eth_getBlockByNumber-tag-latest.json
3	3	internal/ethapi/testdata/eth_getBlockByNumber-tag-pending-fullTx.json
2	2	internal/ethapi/testdata/eth_getBlockByNumber-tag-pending.json
1	1	internal/ethapi/testdata/eth_getBlockReceipts-block-with-blob-tx.json
1	1	internal/ethapi/testdata/eth_getBlockReceipts-block-with-contract-create-tx.json
1	1	internal/ethapi/testdata/eth_getBlockReceipts-block-with-dynamic-fee-tx.json
2	2	internal/ethapi/testdata/eth_getBlockReceipts-block-with-legacy-contract-call-tx.json
1	1	internal/ethapi/testdata/eth_getBlockReceipts-block-with-legacy-transfer-tx.json
1	1	internal/ethapi/testdata/eth_getBlockReceipts-tag-latest.json
1	1	internal/ethapi/testdata/eth_getBlockReceipts-tag-pending.json
2	2	internal/ethapi/testdata/eth_getHeaderByHash-hash-0.json
3	3	internal/ethapi/testdata/eth_getHeaderByHash-hash-1.json
3	3	internal/ethapi/testdata/eth_getHeaderByHash-hash-latest-1.json
3	3	internal/ethapi/testdata/eth_getHeaderByHash-hash-latest.json
2	2	internal/ethapi/testdata/eth_getHeaderByNumber-number-0.json
3	3	internal/ethapi/testdata/eth_getHeaderByNumber-number-1.json
3	3	internal/ethapi/testdata/eth_getHeaderByNumber-number-latest-1.json
3	3	internal/ethapi/testdata/eth_getHeaderByNumber-tag-latest.json
2	2	internal/ethapi/testdata/eth_getHeaderByNumber-tag-pending.json
1	1	internal/ethapi/testdata/eth_getTransactionReceipt-blob-tx.json
1	1	internal/ethapi/testdata/eth_getTransactionReceipt-create-contract-tx.json
1	1	internal/ethapi/testdata/eth_getTransactionReceipt-create-contract-with-access-list.json
1	1	internal/ethapi/testdata/eth_getTransactionReceipt-dynamic-tx-with-logs.json
1	1	internal/ethapi/testdata/eth_getTransactionReceipt-normal-transfer-tx.json
2	2	internal/ethapi/testdata/eth_getTransactionReceipt-with-logs.json
64	0	metrics/metered_lru.go
1	1	p2p/discover/v5_udp_test.go
0	10	params/bootnodes.go
0	38	params/config.go
38	3	rpc/http.go
202	0	rpc/http_test.go
130	29	rpc/json.go
166	0	rpc/jsonscan.go
503	0	rpc/jsonscan_test.go
6	1	rpc/websocket.go
0	4	tests/block_test.go
7	1	tests/block_test_util.go
0	4	tests/state_test.go
1	1	tests/testdata
1	1	triedb/pathdb/metrics.go
