M	.gitea/workflows/release-azure-cleanup.yml
M	.gitea/workflows/release-ppa.yml
M	.gitea/workflows/release.yml
M	.github/workflows/go.yml
M	Dockerfile
M	README.md
M	beacon/engine/types.go
D	beacon/params/checkpoint_holesky.hex
M	beacon/params/networks.go
M	build/checksums.txt
M	cmd/blsync/main.go
M	cmd/devp2p/README.md
A	cmd/devp2p/internal/ethtest/accesslists.go
M	cmd/devp2p/internal/ethtest/conn.go
M	cmd/devp2p/internal/ethtest/engine.go
A	cmd/devp2p/internal/ethtest/eth71.go
M	cmd/devp2p/internal/ethtest/mkchain.sh
M	cmd/devp2p/internal/ethtest/protocol.go
M	cmd/devp2p/internal/ethtest/snap2.go
M	cmd/devp2p/internal/ethtest/suite.go
M	cmd/devp2p/internal/ethtest/testdata/chain.rlp
M	cmd/devp2p/internal/ethtest/testdata/forkenv.json
M	cmd/devp2p/internal/ethtest/testdata/genesis.json
M	cmd/devp2p/internal/ethtest/testdata/headblock.json
M	cmd/devp2p/internal/ethtest/testdata/headfcu.json
M	cmd/devp2p/internal/ethtest/testdata/headstate.json
M	cmd/devp2p/internal/ethtest/testdata/newpayload.json
M	cmd/devp2p/internal/ethtest/testdata/txinfo.json
M	cmd/devp2p/internal/ethtest/transaction.go
M	cmd/devp2p/internal/v5test/discv5tests.go
M	cmd/devp2p/nodesetcmd.go
M	cmd/evm/testdata/33/alloc.json
M	cmd/evm/testdata/33/exp.json
M	cmd/evm/testdata/34/alloc.json
M	cmd/evm/testdata/34/exp.json
M	cmd/evm/testdata/evmrun/9.out.2.txt
M	cmd/geth/chaincmd.go
M	cmd/geth/consolecmd_test.go
M	cmd/geth/main.go
M	cmd/geth/snapshot.go
M	cmd/keeper/go.mod
M	cmd/keeper/go.sum
M	cmd/utils/flags.go
M	common/lru/blob_lru.go
M	common/lru/blob_lru_test.go
M	core/blockchain.go
A	core/blockchain_livetracer_test.go
M	core/blockchain_test.go
M	core/chain_makers_test.go
M	core/eip7928_test.go
M	core/eip8037_test.go
M	core/eip8246_test.go
M	core/eth_transfer_logs_test.go
M	core/filtermaps/checkpoints.go
D	core/filtermaps/checkpoints_holesky.json
M	core/forkid/forkid_test.go
M	core/genesis.go
M	core/genesis_alloc.go
M	core/genesis_test.go
M	core/rawdb/chain_freezer.go
M	core/rawdb/database.go
M	core/rawdb/freezer.go
M	core/rawdb/freezer_table.go
M	core/rawdb/freezer_test.go
M	core/state_processor.go
M	core/state_processor_parallel.go
M	core/state_processor_test.go
M	core/state_transition.go
M	core/txpool/blobpool/blobpool.go
M	core/txpool/blobpool/blobpool_test.go
M	core/txpool/blobpool/buffer.go
M	core/txpool/blobpool/buffer_test.go
M	core/txpool/blobpool/config.go
M	core/txpool/blobpool/evictheap.go
M	core/txpool/blobpool/evictheap_test.go
M	core/txpool/blobpool/metrics.go
M	core/txpool/locals/journal.go
D	core/vm/eip7610.go
D	core/vm/eip7610_test.go
M	core/vm/eip8037_test.go
M	core/vm/evm.go
M	core/vm/gascosts.go
M	core/vm/precompile_cache.go
M	core/vm/precompile_cache_test.go
M	crypto/kzg4844/kzg4844.go
M	crypto/kzg4844/kzg4844_ckzg_cgo.go
M	crypto/kzg4844/kzg4844_ckzg_nocgo.go
M	crypto/kzg4844/kzg4844_gokzg.go
M	crypto/kzg4844/kzg4844_test.go
M	eth/api_debug.go
M	eth/api_debug_test.go
M	eth/catalyst/api.go
M	eth/catalyst/api_benchmark_test.go
A	eth/catalyst/api_forks_test.go
M	eth/catalyst/api_test.go
M	eth/catalyst/witness.go
A	eth/catalyst/witness_fork_test.go
M	eth/downloader/fetchers_concurrent.go
M	eth/fetcher/blob_fetcher.go
M	eth/fetcher/blob_fetcher_test.go
M	eth/fetcher/tx_fetcher.go
M	eth/filters/api.go
M	eth/gasestimator/gasestimator.go
M	eth/protocols/eth/broadcast.go
M	eth/protocols/eth/dispatcher.go
M	eth/protocols/eth/handler.go
M	eth/protocols/eth/handlers.go
M	eth/protocols/eth/peer.go
M	eth/protocols/eth/peer_test.go
M	eth/protocols/snap/handler_test.go
M	eth/protocols/snap/handlers.go
M	eth/protocols/snap/metrics.go
M	eth/protocols/snap/sync.go
A	eth/protocols/snap/sync_profile.go
A	eth/protocols/snap/sync_runner.go
M	eth/protocols/snap/sync_test.go
M	eth/tracers/api.go
M	eth/tracers/api_test.go
M	eth/tracers/internal/tracetest/selfdestruct_state_test.go
M	eth/tracers/internal/tracetest/supply_test.go
M	eth/tracers/logger/logger_json.go
M	ethclient/ethclient.go
M	ethclient/ethclient_test.go
M	ethclient/simulated/backend.go
M	go.mod
M	go.sum
M	internal/ethapi/api.go
M	internal/ethapi/api_test.go
A	internal/ethapi/testdata/eth_config-bpo-skip.json
M	internal/ethapi/testdata/eth_getBlockByHash-hash-1.json
M	internal/ethapi/testdata/eth_getBlockByHash-hash-genesis.json
M	internal/ethapi/testdata/eth_getBlockByHash-hash-latest-1-fullTx.json
M	internal/ethapi/testdata/eth_getBlockByHash-hash-latest.json
M	internal/ethapi/testdata/eth_getBlockByNumber-number-0.json
M	internal/ethapi/testdata/eth_getBlockByNumber-number-1.json
M	internal/ethapi/testdata/eth_getBlockByNumber-number-latest-1.json
M	internal/ethapi/testdata/eth_getBlockByNumber-tag-latest.json
M	internal/ethapi/testdata/eth_getBlockByNumber-tag-pending-fullTx.json
M	internal/ethapi/testdata/eth_getBlockByNumber-tag-pending.json
M	internal/ethapi/testdata/eth_getBlockReceipts-block-with-blob-tx.json
M	internal/ethapi/testdata/eth_getBlockReceipts-block-with-contract-create-tx.json
M	internal/ethapi/testdata/eth_getBlockReceipts-block-with-dynamic-fee-tx.json
M	internal/ethapi/testdata/eth_getBlockReceipts-block-with-legacy-contract-call-tx.json
M	internal/ethapi/testdata/eth_getBlockReceipts-block-with-legacy-transfer-tx.json
M	internal/ethapi/testdata/eth_getBlockReceipts-tag-latest.json
M	internal/ethapi/testdata/eth_getBlockReceipts-tag-pending.json
M	internal/ethapi/testdata/eth_getHeaderByHash-hash-0.json
M	internal/ethapi/testdata/eth_getHeaderByHash-hash-1.json
M	internal/ethapi/testdata/eth_getHeaderByHash-hash-latest-1.json
M	internal/ethapi/testdata/eth_getHeaderByHash-hash-latest.json
M	internal/ethapi/testdata/eth_getHeaderByNumber-number-0.json
M	internal/ethapi/testdata/eth_getHeaderByNumber-number-1.json
M	internal/ethapi/testdata/eth_getHeaderByNumber-number-latest-1.json
M	internal/ethapi/testdata/eth_getHeaderByNumber-tag-latest.json
M	internal/ethapi/testdata/eth_getHeaderByNumber-tag-pending.json
M	internal/ethapi/testdata/eth_getTransactionReceipt-blob-tx.json
M	internal/ethapi/testdata/eth_getTransactionReceipt-create-contract-tx.json
M	internal/ethapi/testdata/eth_getTransactionReceipt-create-contract-with-access-list.json
M	internal/ethapi/testdata/eth_getTransactionReceipt-dynamic-tx-with-logs.json
M	internal/ethapi/testdata/eth_getTransactionReceipt-normal-transfer-tx.json
M	internal/ethapi/testdata/eth_getTransactionReceipt-with-logs.json
A	metrics/metered_lru.go
M	p2p/discover/v5_udp_test.go
M	params/bootnodes.go
M	params/config.go
M	rpc/http.go
M	rpc/http_test.go
M	rpc/json.go
A	rpc/jsonscan.go
A	rpc/jsonscan_test.go
M	rpc/websocket.go
M	tests/block_test.go
M	tests/block_test_util.go
M	tests/state_test.go
M	tests/testdata
M	triedb/pathdb/metrics.go
