slot	block	arr	parentSlot	finR	headVotes	ffgSeen	ffgTop	aggs	aggCov	reorg
0	-	-				0		0	0	0->0
1	-	-			0x1a40155d:326	3672	0x1a40155d|r0:3672	56	1225	0->0
2	-	-				959	0x1a40155d|r0:959	4	57	
3	-	-			0x1a40155d:114	1269	0x1a40155d|r0:1269	17	206	
4	-	-				1237	0x1a40155d|r0:1237	23	290	
5	-	-			0x1a40155d:3	1022	0x1a40155d|r0:1022	12	114	
6	-	-				1187	0x1a40155d|r0:1187	18	177	
7	-	-				1360	0x1a40155d|r0:1360	9	79	
8	-	-				516	0x1a40155d|r1:516	1	1	
9	-	-				743	0x1a40155d|r1:743	6	89	
10	-	-				1436	0x1a40155d|r1:1436	2	27	
11	-	-				1506	0x1a40155d|r1:1506	0	0	
12	-	-			0x1a40155d:19	2023	0x1a40155d|r1:2023	18	1965	
13	-	-			0x1a40155d:358	3076	0x1a40155d|r1:3076	14	5516	
14	-	-			0x1a40155d:512	3994	0x1a40155d|r1:3994	14	8672	
15	0x68564190	1.73215841s	?	0	0x1a40155d:458 0x68564190:54	4680	0x1a40155d|r1:4680	35	11328	15->0
16	0x4b07a2a4	2.058621929s	?	0	0x68564190:489 0x4b07a2a4:23	4857	0x68564190|r2:3631 0x1a40155d|r2:1226	95	10557	16->15
17	0x73aa6168	2.685561845s	15	0	0x68564190:400 0x73aa6168:112	4917	0x68564190|r2:3668 0x4b07a2a4|r2:1080	55	12535	17->15
18	0xd91ad8c6	10.048328577s	15	0	0x68564190:512	4968	0x73aa6168|r2:2661 0x68564190|r2:2307	87	13707	18->15
19	0xbb5aa408	12.561810824s	15	0	0x68564190:512	5000	0x68564190|r2:3289 0x73aa6168|r2:962	79	13707	
20	0x8c623e1e	5.754036796s	15	0	0x68564190:257 0xd91ad8c6:255	5000	0x68564190|r2:4486 0xd91ad8c6|r2:429	37	13984	20->20,20->15
21	0x6d950d16	1.066549135s	15	0	0x6d950d16:518	5000	0x68564190|r2:2533 0x8c623e1e|r2:2038	60	14946	
22	0xd30e21e5	931.052467ms	21	0	0xd30e21e5:512	5000	0x6d950d16|r2:4874 0xd91ad8c6|r2:126	28	14831	
23	0x8905c800	980.5536ms	22	0	0x8905c800:512	5000	0xd30e21e5|r2:5000	30	15000	
24	0x63ded1de	743.88982ms	23	0	0x63ded1de:512	5000	0x8905c800|r3:5000	21	15000	
25	0x936578d5	676.202951ms	24	0	0x936578d5:512	5000	0x63ded1de|r3:5000	18	15000	
26	0xaafdddee	1.098268397s	25	0	0xaafdddee:512	5000	0x936578d5|r3:5000	18	15000	
27	0x150aba8a	691.734167ms	26	0	0x150aba8a:512	4998	0xaafdddee|r3:4998	21	14998	
28	0x68e13ddc	799.0488ms	27	0	0x68e13ddc:512	5000	0x150aba8a|r3:5000	29	15000	
29	0x54501df3	851.732947ms	28	0	0x54501df3:512	5000	0x68e13ddc|r3:5000	17	15000	
30	0xb1525c7d	979.931713ms	29	0	0xb1525c7d:512	5000	0x54501df3|r3:5000	20	15000	
31	0xacbef2d5	991.19098ms	30	0	0xacbef2d5:517	5000	0xb1525c7d|r3:5000	26	15000	
32	0x997f9537	1.697097706s	31	2	0x997f9537:512	5000	0xacbef2d5|r4:5000	23	15000	
33	0x5716f7de	1.469451513s	32	2	0x5716f7de:512	5000	0x997f9537|r4:5000	32	15000	
34	0x94c7cbff	4.468263144s	33	2	0x5716f7de:512	5000	0x5716f7de|r4:5000	25	15000	34->33
35	0x0fd5b54b	1.701386213s	33	2	0x0fd5b54b:512	5000	0x5716f7de|r4:3589 0x94c7cbff|r4:1411	35	15000	
36	0x57a187b1	1.054879966s	35	2	0x57a187b1:512	5000	0x0fd5b54b|r4:5000	39	15000	
37	0x95aac8bf	2.146573414s	36	2	0x95aac8bf:512	5000	0x57a187b1|r4:5000	14	15000	
38	0xa84b6b17	1.042769684s	37	2	0xa84b6b17:512	5000	0x95aac8bf|r4:5000	24	15000	
39	0x90904ce7	3.268381988s	38	2	0xa84b6b17:512	5000	0xa84b6b17|r4:5000	37	15000	39->38
40	0xaa9aee76	1.184173039s	38	3	0xaa9aee76:512	5000	0x90904ce7|r5:4637 0xa84b6b17|r5:363	26	15000	
41	0xe0aa8bec	1.074893826s	40	3	0xe0aa8bec:512	5000	0xaa9aee76|r5:5000	21	15000	
42	0x708bb968	1.46488263s	41	3	0x708bb968:512	5000	0xe0aa8bec|r5:5000	26	15000	
43	0x95a07846	956.821475ms	42	3	0x95a07846:512	5000	0x708bb968|r5:5000	25	15000	
44	0xfe60c97b	1.164910462s	43	3	0xfe60c97b:515	5000	0x95a07846|r5:5000	24	15000	
45	0xdaeaa8f2	3.730672243s	44	3	0xfe60c97b:512	5000	0xfe60c97b|r5:5000	20	15000	45->44
46	0x031dbae2	1.871789561s	44	3	0x031dbae2:415 0xfe60c97b:97	5000	0xfe60c97b|r5:3690 0xdaeaa8f2|r5:1310	35	15000	
47	0x98466e96	848.025273ms	46	3	0x98466e96:512	5000	0x031dbae2|r5:5000	32	15000	
48	0x0adb64fd	1.188192293s	47	4	0x0adb64fd:512	5000	0x98466e96|r6:5000	23	15000	
49	0x54428741	1.1602543s	48	4	0x54428741:512	5000	0x0adb64fd|r6:5000	33	15000	
50	0x0777d67e	1.405499555s	49	4	0x0777d67e:426 0x54428741:86	5000	0x54428741|r6:5000	44	15000	
51	0x87367018	1.453477146s	50	4	0x0777d67e:468 0x87367018:44	5000	0x0777d67e|r6:4985 0x54428741|r6:15	32	14947	51->50
52	0x53a4ca7a	912.874837ms	50	4	0x53a4ca7a:512	5000	0x0777d67e|r6:3680 0x87367018|r6:1320	48	15000	
53	0xfe4d916c	1.530179563s	52	4	0xfe4d916c:512	5000	0x53a4ca7a|r6:5000	22	15000	
54	0x1e977721	1.130537029s	53	4	0x1e977721:512	5000	0xfe4d916c|r6:5000	30	15000	
55	0x202232f4	1.278418058s	54	4	0x202232f4:512	5000	0x1e977721|r6:5000	38	15000	
56	0x08a3a5ea	1.26295158s	55	5	0x08a3a5ea:512	5000	0x202232f4|r7:5000	31	15000	
57	0x28289a8f	1.091504001s	56	5	0x28289a8f:512	5000	0x08a3a5ea|r7:5000	25	15000	
58	0xd7c2c6a7	962.605711ms	57	5	0xd7c2c6a7:512	5000	0x28289a8f|r7:5000	26	15000	
59	0x205a4938	2.174502926s	58	5	0x205a4938:512	5000	0xd7c2c6a7|r7:5000	58	15000	
60	0x50f5093a	1.04458312s	59	5	0x50f5093a:512	5000	0x205a4938|r7:5000	21	15000	
61	0x8eaca2d7	1.091944487s	60	5	0x8eaca2d7:549	5000	0x50f5093a|r7:5000	34	15000	
62	0x501b6adf	2.859227605s	61	5	0x501b6adf:512	5000	0x8eaca2d7|r7:5000	22	15000	
63	0xde60dc9e	1.008198047s	62	5	0xde60dc9e:512	5000	0x501b6adf|r7:5000	11	15000	
64	0x6f470703	1.74722562s	63	6	0x6f470703:651	5000	0xde60dc9e|r8:5000	29	15000	
65	0x2dea83a1	3.917386734s	64	6	0x6f470703:512	5000	0x6f470703|r8:5000	28	15000	65->64
66	0xdd7086fd	1.155092871s	64	6	0xdd7086fd:512	5000	0x6f470703|r8:3469 0x2dea83a1|r8:1531	51	15000	
67	0x870e50e4	1.003766872s	66	6	0x870e50e4:512	5000	0xdd7086fd|r8:5000	31	15000	
68	0xbcf13400	8.132555928s	67	6	0x870e50e4:512	4999	0x870e50e4|r8:4999	55	15000	68->68,68->67
69	0xcf463de9	1.347005731s	67	6	0xcf463de9:512	5000	0x870e50e4|r8:3636 0xbcf13400|r8:1364	46	15000	
70	0x061a13a3	4.832822092s	69	6	0xcf463de9:512	5000	0xcf463de9|r8:5000	29	14961	70->69
71	0x27ed14b3	1.274437838s	69	6	0x27ed14b3:512	5000	0xcf463de9|r8:4063 0x061a13a3|r8:937	59	14940	
72	0x8b985c2c	925.223416ms	71	7	0x8b985c2c:514	5000	0x27ed14b3|r9:4975 0xcf463de9|r9:25	17	14947	
73	0xcc2b6cca	907.512842ms	72	7	0xcc2b6cca:512	5000	0x8b985c2c|r9:4967 0xcf463de9|r9:33	22	14964	
74	0x07030f26	6.38503355s	73	7	0xcc2b6cca:512	5000	0xcc2b6cca|r9:4971 0xcf463de9|r9:29	40	14930	74->74,74->73
75	0x7f4ba2ae	4.911642468s	73	7	0xcc2b6cca:512	5000	0xcc2b6cca|r9:4010 0x07030f26|r9:964	47	14929	75->73
76	0xbf4c3bff	1.539538835s	73	7	0xbf4c3bff:518	4999	0xcc2b6cca|r9:3188 0x7f4ba2ae|r9:1794	55	14968	
77	0x9b0e991d	1.057896563s	76	7	0x9b0e991d:512	5000	0xbf4c3bff|r9:4983 0xcf463de9|r9:17	28	14959	
78	0x1fcdf7a1	4.857841157s	77	7	0x9b0e991d:512	5000	0x9b0e991d|r9:4979 0xcf463de9|r9:21	27	14944	78->77
79	0x6cf77cac	1.493497243s	77	7	0x6cf77cac:512	4733	0x9b0e991d|r9:3666 0x1fcdf7a1|r9:1039	42	14951	
80	0xa1dbc648	1.273963756s	79	8	0xa1dbc648:512	5000	0x6cf77cac|r10:4975 0xcf463de9|r10:25	20	14949	
81	0xec192d9e	4.214025958s	80	8	0xa1dbc648:512	5000	0xa1dbc648|r10:4967 0xcf463de9|r10:33	27	14930	81->80
82	0x6f8acdba	2.926826824s	80	8	0xa1dbc648:512	5000	0xa1dbc648|r10:3831 0xec192d9e|r10:1140	49	14939	82->80
83	0x291a1398	968.041996ms	80	8	0x291a1398:512	5000	0x6f8acdba|r10:3164 0xa1dbc648|r10:1810	41	14933	
84	0xc8627db1	852.108724ms	83	8	0xc8627db1:512	4999	0x291a1398|r10:4982 0xcf463de9|r10:17	25	14959	
85	0xc83c96d4	882.329266ms	84	8	0xc83c96d4:512	5000	0xc8627db1|r10:4983 0xcf463de9|r10:17	31	14954	
86	0xe43b82f6	1.116926519s	85	8	0xe43b82f6:513	5000	0xc83c96d4|r10:4979 0xcf463de9|r10:21	38	14942	
87	0x4164585b	996.275512ms	86	8	0x4164585b:512	5000	0xe43b82f6|r10:4972 0xcf463de9|r10:28	32	14947	
88	0x224521a9	1.319179154s	87	9	0x224521a9:512	5000	0x4164585b|r11:4975 0xcf463de9|r11:25	24	14922	
89	0x4b6290c2	850.635942ms	88	9	0x4b6290c2:512	5000	0x224521a9|r11:4967 0xcf463de9|r11:33	22	14941	
90	0x7b609d07	1.103559588s	89	9	0x7b609d07:512	5000	0x4b6290c2|r11:4971 0xcf463de9|r11:29	29	14943	
91	0x32f6ce40	850.134304ms	90	9	0x32f6ce40:512	5000	0x7b609d07|r11:4974 0xcf463de9|r11:26	16	14920	
92	0xbd3087a8	1.16107833s	91	9	0xbd3087a8:512	4991	0x32f6ce40|r11:4982 0xcf463de9|r11:9	25	14936	
93	0x119a0ad3	1.065938639s	92	9	0x119a0ad3:512	4999	0xbd3087a8|r11:4982 0xcf463de9|r11:17	26	14927	
94	0x450c2bf1	1.038450726s	93	9	0x450c2bf1:512	5000	0x119a0ad3|r11:4979 0xcf463de9|r11:21	27	14927	
95	0x595be207	894.122664ms	94	9	0x595be207:512	5000	0x450c2bf1|r11:4972 0xcf463de9|r11:28	25	14985	
96	0xc3da5920	1.536785145s	95	10	0xc3da5920:512	5000	0x595be207|r12:4974 0xcf463de9|r12:26	37	14951	
97	0x3331f5a6	4.087686956s	96	10	0xc3da5920:512	5000	0xc3da5920|r12:4975 0xcf463de9|r12:25	33	14927	97->96
98	0xddbe5696	1.150889414s	96	10	0xddbe5696:512	4999	0xc3da5920|r12:3419 0x3331f5a6|r12:1566	52	14958	
99	0x4059d3fb	1.056340086s	98	10	0x4059d3fb:512	5000	0xddbe5696|r12:4974 0xcf463de9|r12:26	30	14924	
100	0x2cc54f75	4.590964183s	99	10	0x4059d3fb:512	5000	0x4059d3fb|r12:4979 0xcf463de9|r12:21	42	14921	100->99
101	0xa9ec98f8	4.985141517s	99	10	0x4059d3fb:512	4975	0x4059d3fb|r12:3742 0x2cc54f75|r12:1233	56	14927	101->99
102	0xfa5d509a	990.264807ms	99	10	0xfa5d509a:512	4987	0x4059d3fb|r12:2616 0xa9ec98f8|r12:2357	40	14970	
103	0x611a8f2c	860.759188ms	102	10	0x611a8f2c:512	4974	0xfa5d509a|r12:4974	23	14919	
104	0xeb187de1	990.143793ms	103	11	0xeb187de1:512	4974	0x611a8f2c|r13:4974	31	14968	
105	0xcd77c82f	3.767053027s	104	11	0xeb187de1:512	4975	0xeb187de1|r13:4975	13	14927	105->104
106	0x640b2eaa	1.267329409s	104	11	0x640b2eaa:613	4985	0xeb187de1|r13:3784 0xcd77c82f|r13:1201	39	14948	
107	0x4c0f435e	1.152855173s	106	11	0x4c0f435e:512	4974	0x640b2eaa|r13:4974	22	14935	
108	0x4089c120	1.394841143s	107	11	0x4089c120:512	5000	0x4c0f435e|r13:4979 0xcf463de9|r13:21	44	14921	
109	0x8f962346	894.979288ms	108	11	0x8f962346:512	4975	0x4089c120|r13:4975	17	14927	
110	0xf287cca3	3.789951102s	109	11	0x8f962346:512	4973	0x8f962346|r13:4973	19	14928	110->109
111	0x700efb28	963.93201ms	109	11	0x700efb28:512	4974	0x8f962346|r13:3635 0xf287cca3|r13:1339	35	14919	
112	0xa5f27ae1	1.048405462s	111	12	0xa5f27ae1:520	4974	0x700efb28|r14:4974	22	14925	
113	0xfed2295d	3.936830822s	112	12	0xa5f27ae1:512	4991	0xa5f27ae1|r14:4975 0xcf463de9|r14:16	25	14960	113->112
114	0x66c93c60	1.440220554s	112	12	0x66c93c60:512	5000	0xa5f27ae1|r14:3944 0xfed2295d|r14:1041	58	14933	
115	0xd191d948	1.030968794s	114	12	0xd191d948:513	4974	0x66c93c60|r14:4974	38	14938	
116	0x1183b83c	1.735924097s	115	12	0x1183b83c:512	4979	0xd191d948|r14:4979	38	14921	
117	0xde9cfb98	1.7557428s	116	12	0xde9cfb98:512	4975	0x1183b83c|r14:4975	25	14894	
118	0x9347f089	3.119206033s	117	12	0xde9cfb98:512	4995	0xde9cfb98|r14:4952 0xcf463de9|r14:22	24	14829	118->117
119	0x057b8fa2	3.162531136s	117	12	0xde9cfb98:512	5000	0xde9cfb98|r14:3208 0x9347f089|r14:1742	66	14792	119->117
120	0x79e1b67c	1.078031734s	117	13	0x79e1b67c:512	5000	0x057b8fa2|r15:4652 0xde9cfb98|r15:296	44	14789	
121	0xcda68f1a	648.15312ms	120	13	0xcda68f1a:512	4991	0x79e1b67c|r15:4896 0xf287cca3|r15:79	29	14859	
122	0x7705cdd0	806.332098ms	121	13	0x7705cdd0:512	5000	0xcda68f1a|r15:4903 0xf287cca3|r15:82	28	14944	
123	0x4c0f3040	880.904748ms	110	13	0x7705cdd0:512	5000	0x7705cdd0|r15:4894 0xf287cca3|r15:80	27	14909	
124	0x884604d1	1.33048156s	122	13	0x884604d1:525	4988	0x7705cdd0|r15:4901 0x4c0f3040|r15:78	15	14921	
125	0xcb1a1acf	831.355215ms	124	13	0xcb1a1acf:512	4986	0x884604d1|r15:4913 0xfed2295d|r15:34	31	14855	
126	0x8af31c19	3.2461084s	125	13	0xcb1a1acf:508 0x8af31c19:4	4987	0xcb1a1acf|r15:4950 0x4c0f3040|r15:23	19	14900	126->125
127	0x33b63b5c	868.883937ms	125	13	0x33b63b5c:512	4987	0xcb1a1acf|r15:3717 0x8af31c19|r15:1237	23	14855	
128	0x4a3a9ee7	1.048476739s	127	13	0x4c0f3040:392 0x4a3a9ee7:120	4978	0x33b63b5c|r16:4954 0x4c0f3040|r16:24	40	14855	128->117
129	-	-			0xde9cfb98:512	4979	0xde9cfb98|r16:2504 0x4a3a9ee7|r16:2450	26	14879	
130	-	-			0xde9cfb98:512	4923	0xde9cfb98|r16:4892 0x9347f089|r16:31	14	14595	
131	-	-			0xde9cfb98:512	4942	0xde9cfb98|r16:4921 0x9347f089|r16:21	21	14728	
132	-	-			0xde9cfb98:512	4968	0xde9cfb98|r16:4949 0x9347f089|r16:18	15	14780	
133	-	-			0xde9cfb98:512	4971	0xde9cfb98|r16:4970 0xcf463de9|r16:1	22	14874	
134	-	-			0xde9cfb98:512	4977	0xde9cfb98|r16:4977	15	14872	
135	-	-			0xde9cfb98:512	4970	0xde9cfb98|r16:4970	20	14849	
136	-	-			0xde9cfb98:512	4978	0xde9cfb98|r17:4978	87	14869	
137	-	-			0xde9cfb98:512	4979	0xde9cfb98|r17:4979	19	14889	
138	-	-			0xde9cfb98:512	4981	0xde9cfb98|r17:4981	13	14896	
139	-	-			0xde9cfb98:512	4976	0xde9cfb98|r17:4976	28	14864	
140	-	-			0xde9cfb98:512	4967	0xde9cfb98|r17:4967	17	14845	
141	-	-			0xde9cfb98:502	4970	0xde9cfb98|r17:4970	22	14854	
142	-	-			0xde9cfb98:512	4977	0xde9cfb98|r17:4977	35	14881	
143	-	-			0xde9cfb98:512	4969	0xde9cfb98|r17:4969	31	14835	
144	-	-			0xde9cfb98:512	4978	0xde9cfb98|r18:4954 0x4c0f3040|r18:24	19	14855	
145	-	-			0xde9cfb98:512	4979	0xde9cfb98|r18:4954 0x4c0f3040|r18:25	25	14865	
146	-	-			0xde9cfb98:512	4981	0xde9cfb98|r18:4964 0x4c0f3040|r18:17	31	14877	
147	0xd898b140	15.907373913s	117	13	0xde9cfb98:512	4976	0xde9cfb98|r18:4976	28	14858	
148	-	-			0xde9cfb98:512	4967	0xde9cfb98|r18:4942 0x4c0f3040|r18:25	37	14869	
149	-	-			0xde9cfb98:512	4970	0xde9cfb98|r18:4970	15	14884	
150	-	-			0xde9cfb98:512	4949	0xde9cfb98|r18:4949	26	14844	
151	-	-			0xde9cfb98:512	4903	0xde9cfb98|r18:4879 0x4c0f3040|r18:24	23	14835	
152	-	-			0xde9cfb98:512	4966	0xde9cfb98|r19:4966	26	14867	
153	-	-			0xde9cfb98:512	4979	0xde9cfb98|r19:4979	34	14865	
154	-	-			0xde9cfb98:512	4981	0xde9cfb98|r19:4981	20	14862	
155	-	-			0xde9cfb98:512	4973	0xde9cfb98|r19:4973	21	14848	
156	-	-			0xde9cfb98:512	4967	0xde9cfb98|r19:4967	14	14884	
157	-	-			0xde9cfb98:512	4970	0xde9cfb98|r19:4970	31	14874	
158	-	-			0xde9cfb98:512	4735	0xde9cfb98|r19:4735	20	14859	
159	0x4f21e4b4	1m43.838397205s	117	13	0xde9cfb98:512	4970	0xde9cfb98|r19:4970	16	14866	
160	-	-			0xde9cfb98:512	3243	0xde9cfb98|r20:3243	9	9622	
161	-	-			0x4c0f3040:512	3620	0xde9cfb98|r20:3610 0x4c0f3040|r20:10	17	10530	
162	-	-			0xde9cfb98:512	3725	0xde9cfb98|r20:3686 0x4a3a9ee7|r20:22	28	11058	
163	-	-			0xde9cfb98:512	3708	0xde9cfb98|r20:3708	26	11081	
164	-	-			0xde9cfb98:512	3648	0xde9cfb98|r20:3630 0x4a3a9ee7|r20:18	29	11171	
165	-	-			0xde9cfb98:512	3685	0xde9cfb98|r20:3636 0x4c0f3040|r20:26	32	11169	
166	-	-			0xde9cfb98:512	3699	0xde9cfb98|r20:3670 0x4a3a9ee7|r20:29	21	11081	
167	0x2112a278	5.51149461s	123	13	0xde9cfb98:512	3716	0xde9cfb98|r20:3670 0x4a3a9ee7|r20:26	177	11109	
168	-	-			0xde9cfb98:512	4629	0xde9cfb98|r21:4569 0x4a3a9ee7|r21:38	88	13985	
169	-	-			0xde9cfb98:512	4634	0xde9cfb98|r21:4591 0x4a3a9ee7|r21:43	30	13948	
170	-	-			0xde9cfb98:512	4629	0xde9cfb98|r21:4596 0x4a3a9ee7|r21:33	34	14012	
171	-	-			0x4a3a9ee7:289 0xde9cfb98:223	4699	0xde9cfb98|r21:4631 0x4a3a9ee7|r21:68	35	14092	
172	-	-			0xde9cfb98:512	4931	0xde9cfb98|r21:4625 0x4a3a9ee7|r21:281	48	14758	
173	-	-			0xde9cfb98:512	4478	0xde9cfb98|r21:4478	20	13961	
174	-	-			0xde9cfb98:512	4692	0xde9cfb98|r21:4637 0x4a3a9ee7|r21:55	13	13948	
175	-	-			0xde9cfb98:512	4628	0xde9cfb98|r21:4628	24	13922	
176	-	-			0xde9cfb98:512	4620	0xde9cfb98|r22:4620	25	13893	
177	-	-			0xde9cfb98:512	4669	0xde9cfb98|r22:4634 0x4a3a9ee7|r22:35	17	13893	
178	-	-			0xde9cfb98:512	4669	0xde9cfb98|r22:4621 0x4a3a9ee7|r22:48	24	13924	
179	-	-			0xde9cfb98:512	4613	0xde9cfb98|r22:4584 0x4a3a9ee7|r22:29	28	13910	
180	-	-			0xde9cfb98:277	4655	0xde9cfb98|r22:4625 0x4a3a9ee7|r22:30	22	13914	
181	-	-			0xde9cfb98:512	4662	0xde9cfb98|r22:4630 0x4a3a9ee7|r22:32	43	14023	
182	-	-			0xde9cfb98:512	4655	0xde9cfb98|r22:4628 0x4a3a9ee7|r22:27	43	13948	
183	-	-			0xde9cfb98:512	4648	0xde9cfb98|r22:4624 0x4a3a9ee7|r22:24	28	13984	
184	-	-			0xde9cfb98:512	4655	0xde9cfb98|r23:4617 0x4a3a9ee7|r23:32	30	13910	
185	-	-			0xde9cfb98:512	4654	0xde9cfb98|r23:4634 0x4a3a9ee7|r23:20	34	13934	
186	-	-			0xde9cfb98:512	4643	0xde9cfb98|r23:4621 0x4a3a9ee7|r23:22	30	13952	
187	-	-			0xde9cfb98:512	4703	0xde9cfb98|r23:4634 0x4a3a9ee7|r23:56	43	14135	
188	-	-			0xde9cfb98:512	4833	0xde9cfb98|r23:4626 0x4a3a9ee7|r23:207	39	14419	
189	-	-			0xde9cfb98:512	4747	0xde9cfb98|r23:4635 0x4a3a9ee7|r23:89	20	14146	
190	-	-			0xde9cfb98:512	4648	0xde9cfb98|r23:4635 0x4a3a9ee7|r23:13	16	13894	
191	-	-			0xde9cfb98:512	4664	0xde9cfb98|r23:4623 0x4a3a9ee7|r23:22	17	13928	
192	-	-			0xde9cfb98:512	5761	0xde9cfb98|r24:5739 0x2112a278|r24:21	23	11576	
193	-	-			0xde9cfb98:512	5703	0xde9cfb98|r24:5701 0x4a3a9ee7|r24:2	40	11369	
194	-	-			0xde9cfb98:512	5665	0xde9cfb98|r24:5665	8	11431	
195	-	-			0xde9cfb98:512	5715	0xde9cfb98|r24:5715	12	11395	
196	-	-			0xde9cfb98:512	5729	0xde9cfb98|r24:5729	19	11447	
197	-	-			0xde9cfb98:512	5732	0xde9cfb98|r24:5732	19	11489	
198	-	-			0xde9cfb98:512	5719	0xde9cfb98|r24:5719	19	11447	
199	-	-			0xde9cfb98:512	5675	0xde9cfb98|r24:5675	14	11406	
200	-	-			0xde9cfb98:512	7275	0xde9cfb98|r25:7275	57	14494	
201	-	-			0xde9cfb98:512	7288	0xde9cfb98|r25:7288	14	14594	
202	-	-			0xde9cfb98:512	7331	0xde9cfb98|r25:7331	18	14570	
203	-	-			0xde9cfb98:464 0x4a3a9ee7:48	7309	0xde9cfb98|r25:7309	15	14635	
204	-	-			0xde9cfb98:512	7283	0xde9cfb98|r25:7283	22	14614	
205	-	-			0x4a3a9ee7:242 0xde9cfb98:145	7306	0xde9cfb98|r25:7306	18	14631	
206	-	-			0xde9cfb98:512	6980	0xde9cfb98|r25:6968 0x4a3a9ee7|r25:12	19	13935	
207	-	-			0xde9cfb98:129	6891	0xde9cfb98|r25:6888 0x4a3a9ee7|r25:3	23	14642	
208	-	-			0xde9cfb98:512	7196	0xde9cfb98|r26:7196	23	14657	
209	-	-			0xde9cfb98:512	7342	0xde9cfb98|r26:7342	20	14663	
210	-	-			0xde9cfb98:512	7366	0xde9cfb98|r26:7366	25	14688	
211	-	-			0xde9cfb98:512	7342	0xde9cfb98|r26:7342	33	14683	
212	-	-			0xde9cfb98:512	7343	0xde9cfb98|r26:7343	15	14665	
213	-	-			0xde9cfb98:512	7339	0xde9cfb98|r26:7339	24	14673	
214	-	-			0xde9cfb98:512	7347	0xde9cfb98|r26:7347	14	14671	
215	-	-			0xde9cfb98:512	7297	0xde9cfb98|r26:7297	20	14690	
216	-	-			0xde9cfb98:512	7336	0xde9cfb98|r27:7336	35	14640	
217	-	-			0xde9cfb98:512	7342	0xde9cfb98|r27:7342	21	14663	
218	-	-			0xde9cfb98:512	7268	0xde9cfb98|r27:7268	19	14716	
219	-	-			0xde9cfb98:512	6176	0xde9cfb98|r27:6176	12	14693	
220	-	-			0xde9cfb98:512	7008	0xde9cfb98|r27:7007 0x4a3a9ee7|r27:1	13	14690	
221	-	-			0xde9cfb98:512	6828	0xde9cfb98|r27:6828	17	17005	
222	-	-			0xde9cfb98:512	4888	0xde9cfb98|r27:4888	19	14692	
223	-	-			0xde9cfb98:512	4910	0xde9cfb98|r27:4910	21	14714	
224	-	-			0xde9cfb98:512	3818	0xde9cfb98|r28:3818	62	11506	
225	-	-			0xde9cfb98:512	3711	0xde9cfb98|r28:3711	53	10784	
226	-	-			0xde9cfb98:512	3496	0xde9cfb98|r28:3496	0	0	
