goroutine	processor	begin_trace_ns	end_trace_ns	running_ns	exit_transition	exit_reason	count_sampled_goroutine	left_clipped	right_clipped
14817	2	192199231802625	192199233547008	1744383	Running->NotExist	Reason=""	false	true	false
7534	2	192199233553664	192199233567808	14144	Running->Syscall	Reason=""	false	false	false
7534	2	192199233621184	192199233622272	1088	Running->Syscall	Reason=""	false	false	false
7534	2	192199233638528	192199233640704	2176	Running->Syscall	Reason=""	false	false	false
7534	2	192199233652544	192199233652864	320	Running->Syscall	Reason=""	false	false	false
7534	2	192199233667008	192199233668160	1152	Running->Waiting	Reason="system goroutine wait"	false	false	false
14816	2	192199233669184	192199233805312	136128	Running->NotExist	Reason=""	false	false	false
16314	1	192199231802625	192199239388608	7585983	Running->Waiting	Reason="chan receive"	true	true	false
57091	1	192199239389376	192199239390528	1152	Running->Syscall	Reason=""	false	false	false
57091	1	192199239390976	192199239391424	448	Running->Runnable	Reason="runtime.Gosched"	false	false	false
53794	2	192199233806592	192199242741760	8935168	Running->Waiting	Reason="chan receive"	true	false	false
57051	2	192199242742848	192199242744576	1728	Running->Syscall	Reason=""	false	false	false
57051	2	192199242745408	192199242745792	384	Running->Runnable	Reason="runtime.Gosched"	false	false	false
16622	3	192199231802625	192199242827840	11025215	Running->Waiting	Reason="chan receive"	true	true	false
57024	3	192199242828288	192199242829184	896	Running->Syscall	Reason=""	false	false	false
57024	3	192199242829632	192199242829888	256	Running->Runnable	Reason="runtime.Gosched"	false	false	false
16736	0	192199231802625	192199242832128	11029503	Running->Waiting	Reason="chan receive"	true	true	false
5126	0	192199242834560	192199242843200	8640	Running->Waiting	Reason="chan receive"	false	false	false
57107	0	192199242843264	192199242844032	768	Running->Syscall	Reason=""	false	false	false
57107	0	192199242844288	192199242844416	128	Running->Runnable	Reason="runtime.Gosched"	false	false	false
16624	1	192199239392128	192199250029568	10637440	Running->Waiting	Reason="chan receive"	true	false	false
57092	1	192199250029888	192199250030976	1088	Running->Syscall	Reason=""	false	false	false
57092	1	192199250031488	192199250031680	192	Running->Runnable	Reason="runtime.Gosched"	false	false	false
16755	0	192199242844928	192199253072448	10227520	Running->Waiting	Reason="chan receive"	true	false	false
57108	0	192199253092288	192199253092864	576	Running->Syscall	Reason=""	false	false	false
57108	0	192199253093248	192199253093376	128	Running->Runnable	Reason="runtime.Gosched"	false	false	false
53795	2	192199242746624	192199253209088	10462464	Running->Waiting	Reason="chan receive"	true	false	false
57052	2	192199253209536	192199253210048	512	Running->Syscall	Reason=""	false	false	false
57052	2	192199253210432	192199253210560	128	Running->Runnable	Reason="runtime.Gosched"	false	false	false
16603	3	192199242830336	192199253248576	10418240	Running->Waiting	Reason="chan receive"	true	false	false
57025	3	192199253249088	192199253249728	640	Running->Syscall	Reason=""	false	false	false
57025	3	192199253250112	192199253250240	128	Running->Runnable	Reason="runtime.Gosched"	false	false	false
16625	1	192199250032320	192199260765888	10733568	Running->Waiting	Reason="chan receive"	true	false	false
57093	1	192199260767040	192199260768256	1216	Running->Syscall	Reason=""	false	false	false
57093	1	192199260769024	192199260769408	384	Running->Runnable	Reason="runtime.Gosched"	false	false	false
16756	0	192199253094144	192199263106752	10012608	Running->Waiting	Reason="chan receive"	true	false	false
57109	0	192199263107136	192199263107968	832	Running->Syscall	Reason=""	false	false	false
57109	0	192199263108416	192199263108608	192	Running->Runnable	Reason="runtime.Gosched"	false	false	false
16604	3	192199253250944	192199263591360	10340416	Running->Waiting	Reason="chan receive"	true	false	false
57122	3	192199263591744	192199263592320	576	Running->Syscall	Reason=""	false	false	false
57122	3	192199263592576	192199263592768	192	Running->Runnable	Reason="runtime.Gosched"	false	false	false
53776	2	192199253211072	192199263643136	10432064	Running->Waiting	Reason="chan receive"	true	false	false
57053	2	192199263643520	192199263644096	576	Running->Syscall	Reason=""	false	false	false
57053	2	192199263644288	192199263644416	128	Running->Runnable	Reason="runtime.Gosched"	false	false	false
16627	1	192199260770240	192199271270976	10500736	Running->Waiting	Reason="chan receive"	true	false	false
57094	1	192199271271680	192199271273152	1472	Running->Syscall	Reason=""	false	false	false
57094	1	192199271273600	192199271274112	512	Running->Runnable	Reason="runtime.Gosched"	false	false	false
16781	0	192199263109120	192199273440768	10331648	Running->Waiting	Reason="chan receive"	true	false	false
5400	0	192199273442688	192199273468096	25408	Running->Waiting	Reason="select"	false	false	false
5402	0	192199273468416	192199273471552	3136	Running->Syscall	Reason=""	false	false	false
5402	0	192199273494336	192199273495232	896	Running->Syscall	Reason=""	false	false	false
5402	0	192199273500416	192199273501312	896	Running->Waiting	Reason="select"	false	false	false
16620	3	192199263593152	192199273690304	10097152	Running->Waiting	Reason="chan receive"	true	false	false
57123	3	192199273690624	192199273691264	640	Running->Syscall	Reason=""	false	false	false
57123	3	192199273691648	192199273691840	192	Running->Runnable	Reason="runtime.Gosched"	false	false	false
53791	2	192199263644800	192199273814464	10169664	Running->Waiting	Reason="chan receive"	true	false	false
57054	2	192199273814912	192199273815488	576	Running->Syscall	Reason=""	false	false	false
57054	2	192199273815808	192199273815936	128	Running->Runnable	Reason="runtime.Gosched"	false	false	false
16630	1	192199271274688	192199281742272	10467584	Running->Waiting	Reason="chan receive"	true	false	false
7532	1	192199281745856	192199281765440	19584	Running->Waiting	Reason="chan receive"	false	false	false
16783	0	192199273501760	192199283728384	10226624	Running->Waiting	Reason="chan receive"	true	false	false
57111	0	192199283728832	192199283729856	1024	Running->Syscall	Reason=""	false	false	false
57111	0	192199283730304	192199283730624	320	Running->Runnable	Reason="runtime.Gosched"	false	false	false
16621	3	192199273692352	192199283912768	10220416	Running->Waiting	Reason="chan receive"	true	false	false
57124	3	192199283913152	192199283913792	640	Running->Syscall	Reason=""	false	false	false
57124	3	192199283914176	192199283914368	192	Running->Runnable	Reason="runtime.Gosched"	false	false	false
53797	2	192199273816384	192199284047168	10230784	Running->Waiting	Reason="chan receive"	true	false	false
57055	2	192199284047616	192199284048192	576	Running->Syscall	Reason=""	false	false	false
57055	2	192199284048576	192199284048704	128	Running->Runnable	Reason="runtime.Gosched"	false	false	false
16634	1	192199281765696	192199292235328	10469632	Running->Waiting	Reason="chan receive"	true	false	false
57096	1	192199292235840	192199292236928	1088	Running->Syscall	Reason=""	false	false	false
57096	1	192199292237504	192199292237888	384	Running->Runnable	Reason="runtime.Gosched"	false	false	false
57095	1	192199292238656	192199292238976	320	Running->Syscall	Reason=""	false	false	false
57095	1	192199292239232	192199292239296	64	Running->Runnable	Reason="runtime.Gosched"	false	false	false
16905	0	192199283731264	192199293566464	9835200	Running->Waiting	Reason="chan receive"	true	false	false
57112	0	192199293566720	192199293567360	640	Running->Syscall	Reason=""	false	false	false
57112	0	192199293567808	192199293568000	192	Running->Runnable	Reason="runtime.Gosched"	false	false	false
18091	3	192199283932096	192199294240064	10307968	Running->Waiting	Reason="chan receive"	true	false	false
57125	3	192199294240384	192199294240960	576	Running->Syscall	Reason=""	false	false	false
57125	3	192199294241280	192199294241408	128	Running->Runnable	Reason="runtime.Gosched"	false	false	false
53798	2	192199284049216	192199294435648	10386432	Running->Waiting	Reason="chan receive"	true	false	false
57056	2	192199294435968	192199294436416	448	Running->Syscall	Reason=""	false	false	false
57056	2	192199294436736	192199294436864	128	Running->Runnable	Reason="runtime.Gosched"	false	false	false
20848	1	192199292257984	192199302858112	10600128	Running->Waiting	Reason="chan receive"	true	false	false
57097	1	192199302858560	192199302859392	832	Running->Syscall	Reason=""	false	false	false
57097	1	192199302859776	192199302860096	320	Running->Runnable	Reason="runtime.Gosched"	false	false	false
16949	0	192199293568576	192199303432960	9864384	Running->Waiting	Reason="chan receive"	true	false	false
57113	0	192199303433216	192199303433792	576	Running->Syscall	Reason=""	false	false	false
57113	0	192199303434176	192199303434304	128	Running->Runnable	Reason="runtime.Gosched"	false	false	false
18092	3	192199294241728	192199304616576	10374848	Running->Waiting	Reason="chan receive"	true	false	false
57126	3	192199304616960	192199304617728	768	Running->Syscall	Reason=""	false	false	false
57126	3	192199304618240	192199304618368	128	Running->Runnable	Reason="runtime.Gosched"	false	false	false
53799	2	192199294437312	192199304777216	10339904	Running->Waiting	Reason="chan receive"	true	false	false
57057	2	192199304777536	192199304778176	640	Running->Syscall	Reason=""	false	false	false
57057	2	192199304778432	192199304778624	192	Running->Runnable	Reason="runtime.Gosched"	false	false	false
16951	0	192199303434752	192199313358528	9923776	Running->Waiting	Reason="chan receive"	true	false	false
57114	0	192199313358912	192199313359616	704	Running->Syscall	Reason=""	false	false	false
57114	0	192199313360064	192199313360320	256	Running->Runnable	Reason="runtime.Gosched"	false	false	false
20849	1	192199302860544	192199313426944	10566400	Running->Waiting	Reason="chan receive"	true	false	false
57098	1	192199313427200	192199313427904	704	Running->Syscall	Reason=""	false	false	false
57098	1	192199313428096	192199313428288	192	Running->Runnable	Reason="runtime.Gosched"	false	false	false
18093	3	192199304618816	192199314627968	10009152	Running->Waiting	Reason="chan receive"	true	false	false
57127	3	192199314628288	192199314628864	576	Running->Syscall	Reason=""	false	false	false
57127	3	192199314629056	192199314629184	128	Running->Runnable	Reason="runtime.Gosched"	false	false	false
53817	2	192199304779008	192199315222784	10443776	Running->Waiting	Reason="chan receive"	true	false	false
57138	2	192199315223104	192199315223616	512	Running->Syscall	Reason=""	false	false	false
57138	2	192199315223872	192199315223936	64	Running->Runnable	Reason="runtime.Gosched"	false	false	false
16953	0	192199313360832	192199323323456	9962624	Running->Waiting	Reason="chan receive"	true	false	false
57115	0	192199323323904	192199323324480	576	Running->Syscall	Reason=""	false	false	false
57115	0	192199323324992	192199323325056	64	Running->Runnable	Reason="runtime.Gosched"	false	false	false
20854	1	192199313428608	192199323918272	10489664	Running->Waiting	Reason="chan receive"	true	false	false
57099	1	192199323918656	192199323919552	896	Running->Syscall	Reason=""	false	false	false
57099	1	192199323919872	192199323920064	192	Running->Runnable	Reason="runtime.Gosched"	false	false	false
18094	3	192199314629696	192199324815552	10185856	Running->Waiting	Reason="chan receive"	true	false	false
57128	3	192199324816000	192199324816896	896	Running->Syscall	Reason=""	false	false	false
57128	3	192199324817216	192199324817472	256	Running->Runnable	Reason="runtime.Gosched"	false	false	false
53829	2	192199315224448	192199325484864	10260416	Running->Waiting	Reason="chan receive"	true	false	false
57139	2	192199325485120	192199325485568	448	Running->Syscall	Reason=""	false	false	false
57139	2	192199325485696	192199325485824	128	Running->Runnable	Reason="runtime.Gosched"	false	false	false
16954	0	192199323325568	192199333257856	9932288	Running->Waiting	Reason="chan receive"	true	false	false
57116	0	192199333258176	192199333259136	960	Running->Syscall	Reason=""	false	false	false
57116	0	192199333259712	192199333259968	256	Running->Runnable	Reason="runtime.Gosched"	false	false	false
20881	1	192199323920448	192199334481536	10561088	Running->Waiting	Reason="chan receive"	true	false	false
57100	1	192199334482240	192199334483200	960	Running->Syscall	Reason=""	false	false	false
57100	1	192199334483584	192199334483776	192	Running->Runnable	Reason="runtime.Gosched"	false	false	false
18095	3	192199324818304	192199335102272	10283968	Running->Waiting	Reason="chan receive"	true	false	false
57129	3	192199335102720	192199335103424	704	Running->Syscall	Reason=""	false	false	false
57129	3	192199335103872	192199335104064	192	Running->Runnable	Reason="runtime.Gosched"	false	false	false
53830	2	192199325486272	192199335671168	10184896	Running->Waiting	Reason="chan receive"	true	false	false
57140	2	192199335671424	192199335671936	512	Running->Syscall	Reason=""	false	false	false
57140	2	192199335672256	192199335672320	64	Running->Runnable	Reason="runtime.Gosched"	false	false	false
16959	0	192199333260416	192199343205504	9945088	Running->Waiting	Reason="chan receive"	true	false	false
57117	0	192199343205952	192199343206848	896	Running->Syscall	Reason=""	false	false	false
57117	0	192199343207232	192199343207424	192	Running->Runnable	Reason="runtime.Gosched"	false	false	false
20882	1	192199334484288	192199344817408	10333120	Running->Waiting	Reason="chan receive"	true	false	false
57101	1	192199344817728	192199344818368	640	Running->Syscall	Reason=""	false	false	false
57101	1	192199344818816	192199344819200	384	Running->Runnable	Reason="runtime.Gosched"	false	false	false
18096	3	192199335104512	192199345196544	10092032	Running->Waiting	Reason="chan receive"	true	false	false
57130	3	192199345196800	192199345197376	576	Running->Syscall	Reason=""	false	false	false
57130	3	192199345197696	192199345197888	192	Running->Runnable	Reason="runtime.Gosched"	false	false	false
53831	2	192199335672640	192199345866560	10193920	Running->Waiting	Reason="chan receive"	true	false	false
57141	2	192199345866816	192199345867456	640	Running->Syscall	Reason=""	false	false	false
57141	2	192199345867712	192199345867840	128	Running->Runnable	Reason="runtime.Gosched"	false	false	false
16972	0	192199343208192	192199353457856	10249664	Running->Waiting	Reason="chan receive"	true	false	false
5400	0	192199353460736	192199353487488	26752	Running->Waiting	Reason="select"	false	false	false
5402	0	192199353487680	192199353491520	3840	Running->Syscall	Reason=""	false	false	false
5402	0	192199353525888	192199353526720	832	Running->Syscall	Reason=""	false	false	false
5402	0	192199353531840	192199353532480	640	Running->Waiting	Reason="select"	false	false	false
20886	1	192199344819712	192199355122752	10303040	Running->Waiting	Reason="chan receive"	true	false	false
57102	1	192199355123136	192199355123968	832	Running->Syscall	Reason=""	false	false	false
57102	1	192199355124416	192199355124992	576	Running->Runnable	Reason="runtime.Gosched"	false	false	false
18097	3	192199345198400	192199355344384	10145984	Running->Waiting	Reason="chan receive"	true	false	false
57131	3	192199355344768	192199355345408	640	Running->Syscall	Reason=""	false	false	false
57131	3	192199355345920	192199355346112	192	Running->Runnable	Reason="runtime.Gosched"	false	false	false
53833	2	192199345868224	192199355893888	10025664	Running->Waiting	Reason="chan receive"	true	false	false
57142	2	192199355894208	192199355894848	640	Running->Syscall	Reason=""	false	false	false
57142	2	192199355895104	192199355895232	128	Running->Runnable	Reason="runtime.Gosched"	false	false	false
16993	0	192199353533120	192199363672896	10139776	Running->Waiting	Reason="chan receive"	true	false	false
57119	0	192199363673280	192199363673920	640	Running->Syscall	Reason=""	false	false	false
57119	0	192199363674432	192199363674752	320	Running->Runnable	Reason="runtime.Gosched"	false	false	false
20906	1	192199355125760	192199365603136	10477376	Running->Waiting	Reason="chan receive"	true	false	false
57103	1	192199365603520	192199365604288	768	Running->Syscall	Reason=""	false	false	false
57103	1	192199365604736	192199365605120	384	Running->Runnable	Reason="runtime.Gosched"	false	false	false
18098	3	192199355346752	192199365606080	10259328	Running->Waiting	Reason="chan receive"	true	false	false
57132	3	192199365606784	192199365607552	768	Running->Syscall	Reason=""	false	false	false
57132	3	192199365607872	192199365608064	192	Running->Runnable	Reason="runtime.Gosched"	false	false	false
18099	3	192199365608832	192199365614720	5888	Running->Waiting	Reason="chan receive"	false	false	false
18100	3	192199365615232	192199365617856	2624	Running->Waiting	Reason="chan receive"	false	false	false
18101	3	192199365618304	192199365621568	3264	Running->Waiting	Reason="chan receive"	false	false	false
18067	3	192199365621824	192199365624128	2304	Running->Waiting	Reason="chan receive"	false	false	false
18068	3	192199365624448	192199365626624	2176	Running->Waiting	Reason="chan receive"	false	false	false
18069	3	192199365627008	192199365629376	2368	Running->Waiting	Reason="chan receive"	false	false	false
18070	3	192199365629760	192199365631872	2112	Running->Waiting	Reason="chan receive"	false	false	false
18071	3	192199365632064	192199365634432	2368	Running->Waiting	Reason="chan receive"	false	false	false
18072	3	192199365634752	192199365636672	1920	Running->Waiting	Reason="chan receive"	false	false	false
18073	3	192199365636928	192199365638848	1920	Running->Waiting	Reason="chan receive"	false	false	false
18074	3	192199365639168	192199365641344	2176	Running->Waiting	Reason="chan receive"	false	false	false
18075	3	192199365641664	192199365643904	2240	Running->Waiting	Reason="chan receive"	false	false	false
18076	3	192199365644160	192199365646400	2240	Running->Waiting	Reason="chan receive"	false	false	false
18077	3	192199365646720	192199365648704	1984	Running->Waiting	Reason="chan receive"	false	false	false
18078	3	192199365649152	192199365651712	2560	Running->Waiting	Reason="chan receive"	false	false	false
18079	3	192199365652224	192199365654784	2560	Running->Waiting	Reason="chan receive"	false	false	false
18080	3	192199365654976	192199365657344	2368	Running->Waiting	Reason="chan receive"	false	false	false
18081	3	192199365657728	192199365661824	4096	Running->Waiting	Reason="chan receive"	false	false	false
18082	3	192199365662080	192199365664192	2112	Running->Waiting	Reason="chan receive"	false	false	false
18083	3	192199365664512	192199365666432	1920	Running->Waiting	Reason="chan receive"	false	false	false
18084	3	192199365666688	192199365668864	2176	Running->Waiting	Reason="chan receive"	false	false	false
18102	3	192199365669120	192199365672320	3200	Running->Waiting	Reason="chan receive"	false	false	false
5124	3	192199365672512	192199365767680	95168	Running->Waiting	Reason="select"	false	false	false
35861	3	192199365767936	192199365780160	12224	Running->Syscall	Reason=""	false	false	false
35861	3	192199365834624	192199365841664	7040	Running->Syscall	Reason=""	false	false	false
35861	3	192199365853952	192199365858368	4416	Running->Waiting	Reason="select"	false	false	false
5124	3	192199365858880	192199365860096	1216	Running->Waiting	Reason="select"	false	false	false
18113	3	192199365860416	192199365865088	4672	Running->Waiting	Reason="chan receive"	false	false	false
18114	3	192199365865472	192199365868544	3072	Running->Waiting	Reason="chan receive"	false	false	false
18115	3	192199365868928	192199365871296	2368	Running->Waiting	Reason="chan receive"	false	false	false
18116	3	192199365871488	192199365874176	2688	Running->Waiting	Reason="chan receive"	false	false	false
18117	3	192199365874624	192199365876864	2240	Running->Waiting	Reason="chan receive"	false	false	false
18118	3	192199365877120	192199365878976	1856	Running->Waiting	Reason="chan receive"	false	false	false
18119	3	192199365879168	192199365881984	2816	Running->Waiting	Reason="chan receive"	false	false	false
18120	3	192199365882304	192199365884672	2368	Running->Waiting	Reason="chan receive"	false	false	false
18121	3	192199365884928	192199365887424	2496	Running->Waiting	Reason="chan receive"	false	false	false
18122	3	192199365887680	192199365890048	2368	Running->Waiting	Reason="chan receive"	false	false	false
35807	3	192199365890496	192199365893184	2688	Running->Waiting	Reason="chan receive"	false	false	false
18123	3	192199365893440	192199365895488	2048	Running->Waiting	Reason="chan receive"	false	false	false
18124	3	192199365895744	192199365898304	2560	Running->Waiting	Reason="chan receive"	false	false	false
18125	3	192199365898560	192199365900736	2176	Running->Waiting	Reason="chan receive"	false	false	false
18126	3	192199365900992	192199365903744	2752	Running->Waiting	Reason="chan receive"	false	false	false
18127	3	192199365904064	192199365908736	4672	Running->Waiting	Reason="chan receive"	false	false	false
18128	3	192199365909056	192199365911680	2624	Running->Waiting	Reason="chan receive"	false	false	false
18129	3	192199365912000	192199365914624	2624	Running->Waiting	Reason="chan receive"	false	false	false
18130	3	192199365914752	192199365917120	2368	Running->Waiting	Reason="chan receive"	false	false	false
18151	3	192199365917376	192199365920256	2880	Running->Waiting	Reason="chan receive"	false	false	false
18166	3	192199365920832	192199365923328	2496	Running->Waiting	Reason="chan receive"	false	false	false
18168	3	192199365923712	192199365926592	2880	Running->Waiting	Reason="chan receive"	false	false	false
18169	3	192199365926848	192199365929408	2560	Running->Waiting	Reason="chan receive"	false	false	false
18171	3	192199365929664	192199365931776	2112	Running->Waiting	Reason="chan receive"	false	false	false
18172	3	192199365932160	192199365934464	2304	Running->Waiting	Reason="chan receive"	false	false	false
18173	3	192199365934720	192199365937280	2560	Running->Waiting	Reason="chan receive"	false	false	false
18175	3	192199365937536	192199365939648	2112	Running->Waiting	Reason="chan receive"	false	false	false
18177	3	192199365939904	192199365942336	2432	Running->Waiting	Reason="chan receive"	false	false	false
17989	3	192199365942720	192199365946048	3328	Running->Waiting	Reason="chan receive"	false	false	false
17990	3	192199365946496	192199365949184	2688	Running->Waiting	Reason="chan receive"	false	false	false
17992	3	192199365949440	192199365952512	3072	Running->Waiting	Reason="chan receive"	false	false	false
17998	3	192199365952768	192199365955328	2560	Running->Waiting	Reason="chan receive"	false	false	false
18148	3	192199365955712	192199365958272	2560	Running->Waiting	Reason="chan receive"	false	false	false
18204	3	192199365958592	192199365960960	2368	Running->Waiting	Reason="chan receive"	false	false	false
18206	3	192199365961152	192199365963776	2624	Running->Waiting	Reason="chan receive"	false	false	false
18209	3	192199365964160	192199365966720	2560	Running->Waiting	Reason="chan receive"	false	false	false
18366	3	192199365967040	192199365969728	2688	Running->Waiting	Reason="chan receive"	false	false	false
18367	3	192199365970048	192199365972864	2816	Running->Waiting	Reason="chan receive"	false	false	false
18369	3	192199365973376	192199365976256	2880	Running->Waiting	Reason="chan receive"	false	false	false
18371	3	192199365976512	192199365979456	2944	Running->Waiting	Reason="chan receive"	false	false	false
18411	3	192199365979648	192199365982144	2496	Running->Waiting	Reason="chan receive"	false	false	false
18414	3	192199365982528	192199365985216	2688	Running->Waiting	Reason="chan receive"	false	false	false
18415	3	192199365985408	192199365988160	2752	Running->Waiting	Reason="chan receive"	false	false	false
18416	3	192199365988416	192199365990528	2112	Running->Waiting	Reason="chan receive"	false	false	false
18417	3	192199365990848	192199365993216	2368	Running->Waiting	Reason="chan receive"	false	false	false
18420	3	192199365993472	192199365995840	2368	Running->Waiting	Reason="chan receive"	false	false	false
18644	3	192199365996096	192199365999040	2944	Running->Waiting	Reason="chan receive"	false	false	false
18654	3	192199365999296	192199366001920	2624	Running->Waiting	Reason="chan receive"	false	false	false
18655	3	192199366002240	192199366004928	2688	Running->Waiting	Reason="chan receive"	false	false	false
19599	3	192199366005376	192199366008384	3008	Running->Waiting	Reason="chan receive"	false	false	false
19601	3	192199366008768	192199366011648	2880	Running->Waiting	Reason="chan receive"	false	false	false
19630	3	192199366012032	192199366015104	3072	Running->Waiting	Reason="chan receive"	false	false	false
19631	3	192199366015488	192199366018560	3072	Running->Waiting	Reason="chan receive"	false	false	false
53834	2	192199355895680	192199366033280	10137600	Running->Waiting	Reason="chan receive"	true	false	false
57143	2	192199366033856	192199366034624	768	Running->Syscall	Reason=""	false	false	false
57143	2	192199366035008	192199366035328	320	Running->Runnable	Reason="runtime.Gosched"	false	false	false
19633	3	192199366018880	192199366036864	17984	Running->Waiting	Reason="chan receive"	false	false	false
53835	2	192199366035840	192199366039680	3840	Running->Waiting	Reason="chan receive"	false	false	false
19636	3	192199366037248	192199366040832	3584	Running->Waiting	Reason="chan receive"	false	false	false
53837	2	192199366040064	192199366043456	3392	Running->Waiting	Reason="chan receive"	false	false	false
19757	3	192199366041152	192199366044672	3520	Running->Waiting	Reason="chan receive"	false	false	false
53838	2	192199366043904	192199366047296	3392	Running->Waiting	Reason="chan receive"	false	false	false
19760	3	192199366044928	192199366048448	3520	Running->Waiting	Reason="chan receive"	false	false	false
53839	2	192199366047616	192199366050880	3264	Running->Waiting	Reason="chan receive"	false	false	false
19765	3	192199366048768	192199366051520	2752	Running->Waiting	Reason="chan receive"	false	false	false
53886	2	192199366051456	192199366055552	4096	Running->Waiting	Reason="chan send"	false	false	false
19846	3	192199366051776	192199366057344	5568	Running->Waiting	Reason="chan receive"	false	false	false
53887	2	192199366055744	192199366058112	2368	Running->Waiting	Reason="chan send"	false	false	false
53886	3	192199366057472	192199366059008	1536	Running->Waiting	Reason="chan receive"	false	false	false
53887	3	192199366059136	192199366059648	512	Running->Waiting	Reason="chan receive"	false	false	false
53888	2	192199366058240	192199366060800	2560	Running->Waiting	Reason="chan receive"	false	false	false
19847	3	192199366060032	192199366062976	2944	Running->Waiting	Reason="chan receive"	false	false	false
53889	2	192199366060992	192199366064064	3072	Running->Waiting	Reason="chan receive"	false	false	false
53890	2	192199366064320	192199366066176	1856	Running->Waiting	Reason="chan receive"	false	false	false
19848	3	192199366063296	192199366068288	4992	Running->Waiting	Reason="chan receive"	false	false	false
53922	2	192199366066368	192199366068928	2560	Running->Waiting	Reason="chan receive"	false	false	false
19852	3	192199366068608	192199366071104	2496	Running->Waiting	Reason="chan receive"	false	false	false
53923	2	192199366069248	192199366071872	2624	Running->Waiting	Reason="chan receive"	false	false	false
19942	3	192199366071424	192199366074176	2752	Running->Waiting	Reason="chan receive"	false	false	false
53904	2	192199366072192	192199366074816	2624	Running->Waiting	Reason="chan receive"	false	false	false
19943	3	192199366074496	192199366076864	2368	Running->Waiting	Reason="chan receive"	false	false	false
53905	2	192199366075008	192199366077952	2944	Running->Waiting	Reason="chan receive"	false	false	false
53954	2	192199366078208	192199366080256	2048	Running->Waiting	Reason="chan receive"	false	false	false
19946	3	192199366077184	192199366080768	3584	Running->Waiting	Reason="chan receive"	false	false	false
53955	2	192199366080448	192199366083008	2560	Running->Waiting	Reason="chan receive"	false	false	false
19989	3	192199366081088	192199366083776	2688	Running->Waiting	Reason="chan receive"	false	false	false
53956	2	192199366083456	192199366085760	2304	Running->Waiting	Reason="chan receive"	false	false	false
19992	3	192199366084032	192199366086848	2816	Running->Waiting	Reason="chan receive"	false	false	false
35809	2	192199366086080	192199366088384	2304	Running->Waiting	Reason="chan receive"	false	false	false
19993	3	192199366087168	192199366089344	2176	Running->Waiting	Reason="chan receive"	false	false	false
53957	2	192199366088576	192199366090624	2048	Running->Waiting	Reason="chan receive"	false	false	false
19995	3	192199366089664	192199366091840	2176	Running->Waiting	Reason="chan receive"	false	false	false
53975	2	192199366090816	192199366094208	3392	Running->Waiting	Reason="chan receive"	false	false	false
20072	3	192199366092288	192199366095168	2880	Running->Waiting	Reason="chan receive"	false	false	false
53976	2	192199366094464	192199366096704	2240	Running->Waiting	Reason="chan receive"	false	false	false
20076	3	192199366095552	192199366098176	2624	Running->Waiting	Reason="chan receive"	false	false	false
53967	2	192199366096896	192199366099264	2368	Running->Waiting	Reason="chan receive"	false	false	false
35874	3	192199366098624	192199366101376	2752	Running->Waiting	Reason="chan receive"	false	false	false
53968	2	192199366099520	192199366102464	2944	Running->Waiting	Reason="chan receive"	false	false	false
20105	3	192199366101696	192199366105088	3392	Running->Waiting	Reason="chan receive"	false	false	false
53969	2	192199366102720	192199366106176	3456	Running->Waiting	Reason="chan receive"	false	false	false
20107	3	192199366105472	192199366107840	2368	Running->Waiting	Reason="chan receive"	false	false	false
54003	2	192199366106368	192199366108864	2496	Running->Waiting	Reason="chan receive"	false	false	false
20110	3	192199366108096	192199366110400	2304	Running->Waiting	Reason="chan receive"	false	false	false
54004	2	192199366109120	192199366111552	2432	Running->Waiting	Reason="chan receive"	false	false	false
20111	3	192199366110848	192199366113792	2944	Running->Waiting	Reason="chan receive"	false	false	false
54005	2	192199366111808	192199366114816	3008	Running->Waiting	Reason="chan receive"	false	false	false
54006	2	192199366114880	192199366116992	2112	Running->Waiting	Reason="chan receive"	false	false	false
20143	3	192199366114048	192199366117632	3584	Running->Waiting	Reason="chan receive"	false	false	false
54008	2	192199366117440	192199366120320	2880	Running->Waiting	Reason="chan receive"	false	false	false
20258	3	192199366118016	192199366120960	2944	Running->Waiting	Reason="chan receive"	false	false	false
54009	2	192199366120640	192199366123392	2752	Running->Waiting	Reason="chan receive"	false	false	false
20259	3	192199366121280	192199366124352	3072	Running->Waiting	Reason="chan receive"	false	false	false
54010	2	192199366123712	192199366126272	2560	Running->Waiting	Reason="chan receive"	false	false	false
20264	3	192199366124672	192199366127552	2880	Running->Waiting	Reason="chan receive"	false	false	false
54011	2	192199366126528	192199366129152	2624	Running->Waiting	Reason="chan receive"	false	false	false
20408	3	192199366127872	192199366130880	3008	Running->Waiting	Reason="chan receive"	false	false	false
54012	2	192199366129408	192199366131520	2112	Running->Waiting	Reason="chan receive"	false	false	false
20409	3	192199366131072	192199366133760	2688	Running->Waiting	Reason="chan receive"	false	false	false
54028	2	192199366132096	192199366134848	2752	Running->Waiting	Reason="chan receive"	false	false	false
54029	2	192199366135040	192199366137472	2432	Running->Waiting	Reason="chan receive"	false	false	false
20410	3	192199366134400	192199366138624	4224	Running->Waiting	Reason="chan receive"	false	false	false
54030	2	192199366137664	192199366140288	2624	Running->Waiting	Reason="chan receive"	false	false	false
20415	3	192199366138816	192199366141760	2944	Running->Waiting	Reason="chan receive"	false	false	false
54031	2	192199366140544	192199366142336	1792	Running->Waiting	Reason="chan receive"	false	false	false
54032	2	192199366142656	192199366145024	2368	Running->Waiting	Reason="chan receive"	false	false	false
20416	3	192199366142144	192199366146048	3904	Running->Waiting	Reason="chan receive"	false	false	false
54033	2	192199366145216	192199366147072	1856	Running->Waiting	Reason="chan receive"	false	false	false
20456	3	192199366146304	192199366149120	2816	Running->Waiting	Reason="chan receive"	false	false	false
54050	2	192199366147264	192199366150016	2752	Running->Waiting	Reason="chan receive"	false	false	false
54054	2	192199366150208	192199366152704	2496	Running->Waiting	Reason="chan receive"	false	false	false
20457	3	192199366149440	192199366153600	4160	Running->Waiting	Reason="chan receive"	false	false	false
53984	2	192199366152768	192199366155392	2624	Running->Waiting	Reason="chan receive"	false	false	false
20459	3	192199366153920	192199366157056	3136	Running->Waiting	Reason="chan receive"	false	false	false
53985	2	192199366155648	192199366157952	2304	Running->Waiting	Reason="chan receive"	false	false	false
54098	2	192199366158208	192199366160192	1984	Running->Waiting	Reason="chan receive"	false	false	false
20462	3	192199366157440	192199366161344	3904	Running->Waiting	Reason="chan receive"	false	false	false
54099	2	192199366160448	192199366162688	2240	Running->Waiting	Reason="chan receive"	false	false	false
20571	3	192199366161856	192199366165056	3200	Running->Waiting	Reason="chan receive"	false	false	false
54100	2	192199366163200	192199366166208	3008	Running->Waiting	Reason="chan receive"	false	false	false
20572	3	192199366165312	192199366167872	2560	Running->Waiting	Reason="chan receive"	false	false	false
54101	2	192199366166400	192199366168384	1984	Running->Waiting	Reason="chan receive"	false	false	false
54102	2	192199366168640	192199366170816	2176	Running->Waiting	Reason="chan receive"	false	false	false
20602	3	192199366168064	192199366172096	4032	Running->Waiting	Reason="chan receive"	false	false	false
54086	2	192199366171072	192199366173824	2752	Running->Waiting	Reason="chan receive"	false	false	false
20604	3	192199366172480	192199366175296	2816	Running->Waiting	Reason="chan receive"	false	false	false
54087	2	192199366174336	192199366177216	2880	Running->Waiting	Reason="chan receive"	false	false	false
20605	3	192199366175488	192199366177984	2496	Running->Waiting	Reason="chan receive"	false	false	false
20611	3	192199366178240	192199366181312	3072	Running->Waiting	Reason="chan send"	false	false	false
54088	2	192199366177600	192199366183040	5440	Running->Waiting	Reason="chan receive"	false	false	false
20611	2	192199366183232	192199366183744	512	Running->Waiting	Reason="chan receive"	false	false	false
20770	3	192199366181632	192199366184704	3072	Running->Waiting	Reason="chan receive"	false	false	false
54089	2	192199366184000	192199366186496	2496	Running->Waiting	Reason="chan receive"	false	false	false
20771	3	192199366184896	192199366186944	2048	Running->Waiting	Reason="chan receive"	false	false	false
54091	2	192199366186688	192199366188736	2048	Running->Waiting	Reason="chan receive"	false	false	false
20776	3	192199366187136	192199366189696	2560	Running->Waiting	Reason="chan receive"	false	false	false
20782	3	192199366190080	192199366192000	1920	Running->Waiting	Reason="chan send"	false	false	false
54092	2	192199366188992	192199366193024	4032	Running->Waiting	Reason="chan receive"	false	false	false
20782	2	192199366193216	192199366193664	448	Running->Waiting	Reason="chan receive"	false	false	false
57133	3	192199366192256	192199366193728	1472	Running->Waiting	Reason="select"	false	false	false
57134	3	192199366194176	192199366195392	1216	Running->Waiting	Reason="select"	false	false	false
54093	2	192199366193920	192199366196736	2816	Running->Waiting	Reason="chan receive"	false	false	false
54119	2	192199366197056	192199366202176	5120	Running->Waiting	Reason="chan receive"	false	false	false
54120	2	192199366202496	192199366204736	2240	Running->Waiting	Reason="chan receive"	false	false	false
54162	2	192199366205056	192199366207488	2432	Running->Waiting	Reason="chan receive"	false	false	false
54158	2	192199366207872	192199366210112	2240	Running->Waiting	Reason="chan receive"	false	false	false
54159	2	192199366210368	192199366212736	2368	Running->Waiting	Reason="chan receive"	false	false	false
54160	2	192199366212928	192199366215296	2368	Running->Waiting	Reason="chan receive"	false	false	false
35875	3	192199366214848	192199366217088	2240	Running->Waiting	Reason="chan receive"	false	false	false
54161	2	192199366215680	192199366218560	2880	Running->Waiting	Reason="chan receive"	false	false	false
35876	3	192199366217280	192199366219584	2304	Running->Waiting	Reason="chan receive"	false	false	false
54197	2	192199366218816	192199366221824	3008	Running->Waiting	Reason="chan receive"	false	false	false
35877	3	192199366219776	192199366222912	3136	Running->Waiting	Reason="chan receive"	false	false	false
54198	2	192199366222080	192199366224896	2816	Running->Waiting	Reason="chan receive"	false	false	false
35900	3	192199366223232	192199366226112	2880	Running->Waiting	Reason="chan receive"	false	false	false
54199	2	192199366225152	192199366227776	2624	Running->Waiting	Reason="chan receive"	false	false	false
35901	3	192199366226368	192199366228608	2240	Running->Waiting	Reason="chan receive"	false	false	false
54200	2	192199366228224	192199366230528	2304	Running->Waiting	Reason="chan receive"	false	false	false
35902	3	192199366228800	192199366231104	2304	Running->Waiting	Reason="chan receive"	false	false	false
54231	2	192199366230912	192199366233216	2304	Running->Waiting	Reason="chan receive"	false	false	false
35903	3	192199366231488	192199366234112	2624	Running->Waiting	Reason="chan receive"	false	false	false
54232	2	192199366233344	192199366235840	2496	Running->Waiting	Reason="chan receive"	false	false	false
35906	3	192199366234304	192199366236864	2560	Running->Waiting	Reason="chan receive"	false	false	false
54233	2	192199366236032	192199366238336	2304	Running->Waiting	Reason="chan receive"	false	false	false
35907	3	192199366237120	192199366239168	2048	Running->Waiting	Reason="chan receive"	false	false	false
54125	2	192199366238592	192199366240960	2368	Running->Waiting	Reason="chan receive"	false	false	false
35929	3	192199366239424	192199366242048	2624	Running->Waiting	Reason="chan receive"	false	false	false
35930	3	192199366242240	192199366244416	2176	Running->Waiting	Reason="chan receive"	false	false	false
54275	2	192199366241280	192199366245568	4288	Running->Waiting	Reason="chan receive"	false	false	false
35931	3	192199366244736	192199366247360	2624	Running->Waiting	Reason="chan receive"	false	false	false
54276	2	192199366245760	192199366248320	2560	Running->Waiting	Reason="chan receive"	false	false	false
35824	3	192199366247552	192199366249920	2368	Running->Waiting	Reason="chan receive"	false	false	false
54277	2	192199366248576	192199366251072	2496	Running->Waiting	Reason="chan receive"	false	false	false
35864	3	192199366250176	192199366252480	2304	Running->Waiting	Reason="chan receive"	false	false	false
54246	2	192199366251392	192199366253312	1920	Running->Waiting	Reason="chan receive"	false	false	false
35865	3	192199366252736	192199366255104	2368	Running->Waiting	Reason="chan receive"	false	false	false
54247	2	192199366253504	192199366256768	3264	Running->Waiting	Reason="chan receive"	false	false	false
35938	3	192199366255296	192199366258304	3008	Running->Waiting	Reason="chan receive"	false	false	false
54249	2	192199366257088	192199366260288	3200	Running->Waiting	Reason="chan receive"	false	false	false
35971	3	192199366258560	192199366261440	2880	Running->Waiting	Reason="chan receive"	false	false	false
54250	2	192199366260544	192199366263872	3328	Running->Waiting	Reason="chan receive"	false	false	false
35972	3	192199366261632	192199366264576	2944	Running->Waiting	Reason="chan receive"	false	false	false
54251	2	192199366264000	192199366266688	2688	Running->Waiting	Reason="chan receive"	false	false	false
35973	3	192199366264768	192199366267392	2624	Running->Waiting	Reason="chan receive"	false	false	false
36518	2	192199366266944	192199366270848	3904	Running->Waiting	Reason="chan receive"	false	false	false
35974	3	192199366267520	192199366271808	4288	Running->Waiting	Reason="chan receive"	false	false	false
54252	2	192199366271168	192199366273792	2624	Running->Waiting	Reason="chan receive"	false	false	false
35975	3	192199366272064	192199366274880	2816	Running->Waiting	Reason="chan receive"	false	false	false
54253	2	192199366274048	192199366277504	3456	Running->Waiting	Reason="chan receive"	false	false	false
35994	3	192199366275136	192199366278336	3200	Running->Waiting	Reason="chan receive"	false	false	false
54254	2	192199366277760	192199366280000	2240	Running->Waiting	Reason="chan receive"	false	false	false
35995	3	192199366278656	192199366281472	2816	Running->Waiting	Reason="chan receive"	false	false	false
54255	2	192199366280256	192199366282496	2240	Running->Waiting	Reason="chan receive"	false	false	false
35996	3	192199366281856	192199366284608	2752	Running->Waiting	Reason="chan receive"	false	false	false
54333	2	192199366282816	192199366285888	3072	Running->Waiting	Reason="chan receive"	false	false	false
35978	3	192199366284736	192199366288768	4032	Running->Waiting	Reason="chan send"	false	false	false
54334	2	192199366286144	192199366290368	4224	Running->Waiting	Reason="chan receive"	false	false	false
35978	2	192199366290496	192199366291008	512	Running->Waiting	Reason="chan receive"	false	false	false
35921	3	192199366289024	192199366292224	3200	Running->Waiting	Reason="chan receive"	false	false	false
54365	2	192199366291328	192199366295104	3776	Running->Waiting	Reason="chan receive"	false	false	false
36018	3	192199366292544	192199366296064	3520	Running->Waiting	Reason="chan receive"	false	false	false
36019	3	192199366296448	192199366299008	2560	Running->Waiting	Reason="chan receive"	false	false	false
54484	2	192199366295488	192199366300288	4800	Running->Waiting	Reason="chan receive"	false	false	false
36020	3	192199366299264	192199366302272	3008	Running->Waiting	Reason="chan receive"	false	false	false
54513	2	192199366300544	192199366303168	2624	Running->Waiting	Reason="chan receive"	false	false	false
36691	3	192199366302656	192199366305728	3072	Running->Waiting	Reason="chan receive"	false	false	false
54562	2	192199366303424	192199366306496	3072	Running->Waiting	Reason="chan receive"	false	false	false
57088	3	192199366305984	192199366307648	1664	Running->NotExist	Reason=""	false	false	false
54859	2	192199366306880	192199366310400	3520	Running->Waiting	Reason="chan receive"	false	false	false
36552	3	192199366308736	192199366312128	3392	Running->Waiting	Reason="chan receive"	false	false	false
54908	2	192199366310720	192199366313408	2688	Running->Waiting	Reason="chan receive"	false	false	false
16269	3	192199366312320	192199366314688	2368	Running->Syscall	Reason=""	false	false	false
54931	2	192199366313792	192199366316544	2752	Running->Waiting	Reason="chan receive"	false	false	false
54932	2	192199366316736	192199366319488	2752	Running->Waiting	Reason="chan receive"	false	false	false
54934	2	192199366319680	192199366322368	2688	Running->Waiting	Reason="chan receive"	false	false	false
54935	2	192199366322624	192199366325568	2944	Running->Waiting	Reason="chan receive"	false	false	false
16269	3	192199366315392	192199366327488	12096	Running->Waiting	Reason="chan receive"	false	false	false
55042	2	192199366325888	192199366328320	2432	Running->Waiting	Reason="chan receive"	false	false	false
35962	3	192199366327744	192199366330688	2944	Running->Waiting	Reason="chan receive"	false	false	false
55097	2	192199366328704	192199366331712	3008	Running->Waiting	Reason="chan receive"	false	false	false
35963	3	192199366331072	192199366334016	2944	Running->Waiting	Reason="chan receive"	false	false	false
55109	2	192199366331968	192199366335424	3456	Running->Waiting	Reason="chan receive"	false	false	false
36041	3	192199366334272	192199366338112	3840	Running->Waiting	Reason="chan receive"	false	false	false
55110	2	192199366336000	192199366339584	3584	Running->Waiting	Reason="chan receive"	false	false	false
36042	3	192199366338432	192199366341248	2816	Running->Waiting	Reason="chan receive"	false	false	false
55111	2	192199366339840	192199366342656	2816	Running->Waiting	Reason="chan receive"	false	false	false
36043	3	192199366341696	192199366344832	3136	Running->Waiting	Reason="chan receive"	false	false	false
55140	2	192199366342912	192199366345792	2880	Running->Waiting	Reason="chan receive"	false	false	false
36044	3	192199366345152	192199366348352	3200	Running->Waiting	Reason="chan receive"	false	false	false
55141	2	192199366346112	192199366349696	3584	Running->Waiting	Reason="chan receive"	false	false	false
36045	3	192199366348672	192199366351424	2752	Running->Waiting	Reason="chan receive"	false	false	false
55142	2	192199366349888	192199366352320	2432	Running->Waiting	Reason="chan receive"	false	false	false
36047	3	192199366351616	192199366354624	3008	Running->Waiting	Reason="chan receive"	false	false	false
55143	2	192199366352512	192199366355264	2752	Running->Waiting	Reason="chan receive"	false	false	false
36048	3	192199366354944	192199366357888	2944	Running->Waiting	Reason="chan receive"	false	false	false
55144	2	192199366356032	192199366358976	2944	Running->Waiting	Reason="chan receive"	false	false	false
36049	3	192199366358272	192199366361344	3072	Running->Waiting	Reason="chan receive"	false	false	false
55072	2	192199366359168	192199366362304	3136	Running->Waiting	Reason="chan receive"	false	false	false
36066	3	192199366361536	192199366364736	3200	Running->Waiting	Reason="chan receive"	false	false	false
55073	2	192199366362688	192199366365632	2944	Running->Waiting	Reason="chan receive"	false	false	false
36058	3	192199366364992	192199366367808	2816	Running->Waiting	Reason="chan receive"	false	false	false
55256	2	192199366365952	192199366368576	2624	Running->Waiting	Reason="chan receive"	false	false	false
36059	3	192199366368128	192199366371008	2880	Running->Waiting	Reason="chan receive"	false	false	false
55257	2	192199366368896	192199366371776	2880	Running->Waiting	Reason="chan receive"	false	false	false
36060	3	192199366371328	192199366374912	3584	Running->Waiting	Reason="chan receive"	false	false	false
55258	2	192199366371968	192199366376064	4096	Running->Waiting	Reason="chan receive"	false	false	false
35985	3	192199366375168	192199366378304	3136	Running->Waiting	Reason="chan receive"	false	false	false
55259	2	192199366376512	192199366379200	2688	Running->Waiting	Reason="chan receive"	false	false	false
36082	3	192199366378624	192199366381760	3136	Running->Waiting	Reason="chan receive"	false	false	false
55293	2	192199366379584	192199366382912	3328	Running->Waiting	Reason="chan receive"	false	false	false
36083	3	192199366382016	192199366384640	2624	Running->Waiting	Reason="chan receive"	false	false	false
55372	2	192199366383232	192199366385920	2688	Running->Waiting	Reason="chan receive"	false	false	false
36122	3	192199366385088	192199366387968	2880	Running->Waiting	Reason="chan receive"	false	false	false
55373	2	192199366386176	192199366388736	2560	Running->Waiting	Reason="chan receive"	false	false	false
36123	3	192199366388288	192199366391552	3264	Running->Waiting	Reason="chan receive"	false	false	false
55413	2	192199366389120	192199366392384	3264	Running->Waiting	Reason="chan receive"	false	false	false
55414	2	192199366392704	192199366395072	2368	Running->Waiting	Reason="chan receive"	false	false	false
36124	3	192199366391872	192199366395904	4032	Running->Waiting	Reason="chan receive"	false	false	false
55439	2	192199366395520	192199366398080	2560	Running->Waiting	Reason="chan receive"	false	false	false
36151	3	192199366396224	192199366399360	3136	Running->Waiting	Reason="chan receive"	false	false	false
55440	2	192199366398272	192199366400832	2560	Running->Waiting	Reason="chan receive"	false	false	false
36152	3	192199366399552	192199366403264	3712	Running->Waiting	Reason="chan receive"	false	false	false
55474	2	192199366401024	192199366404480	3456	Running->Waiting	Reason="chan receive"	false	false	false
36153	3	192199366403584	192199366406464	2880	Running->Waiting	Reason="chan receive"	false	false	false
55475	2	192199366404800	192199366407680	2880	Running->Waiting	Reason="chan receive"	false	false	false
36154	3	192199366406848	192199366409792	2944	Running->Waiting	Reason="chan receive"	false	false	false
55519	2	192199366408192	192199366411136	2944	Running->Waiting	Reason="chan receive"	false	false	false
55520	2	192199366411328	192199366414080	2752	Running->Waiting	Reason="chan receive"	false	false	false
36155	3	192199366410176	192199366414720	4544	Running->Waiting	Reason="chan receive"	false	false	false
55521	2	192199366414272	192199366417088	2816	Running->Waiting	Reason="chan receive"	false	false	false
36156	3	192199366415104	192199366417984	2880	Running->Waiting	Reason="chan receive"	false	false	false
55522	2	192199366417152	192199366419456	2304	Running->Waiting	Reason="chan receive"	false	false	false
36138	3	192199366418176	192199366421248	3072	Running->Waiting	Reason="chan receive"	false	false	false
55524	2	192199366419648	192199366422080	2432	Running->Waiting	Reason="chan receive"	false	false	false
36139	3	192199366421696	192199366424704	3008	Running->Waiting	Reason="chan receive"	false	false	false
55561	2	192199366422592	192199366425920	3328	Running->Waiting	Reason="chan receive"	false	false	false
36140	3	192199366424960	192199366427840	2880	Running->Waiting	Reason="chan receive"	false	false	false
55562	2	192199366426240	192199366428544	2304	Running->Waiting	Reason="chan receive"	false	false	false
36189	3	192199366428224	192199366430720	2496	Running->Waiting	Reason="chan receive"	false	false	false
55564	2	192199366428800	192199366431616	2816	Running->Waiting	Reason="chan receive"	false	false	false
36190	3	192199366430912	192199366433664	2752	Running->Waiting	Reason="chan receive"	false	false	false
55565	2	192199366431872	192199366434432	2560	Running->Waiting	Reason="chan receive"	false	false	false
36191	3	192199366433984	192199366436544	2560	Running->Waiting	Reason="chan receive"	false	false	false
55566	2	192199366434688	192199366437376	2688	Running->Waiting	Reason="chan receive"	false	false	false
36192	3	192199366436800	192199366439488	2688	Running->Waiting	Reason="chan receive"	false	false	false
55567	2	192199366437504	192199366440256	2752	Running->Waiting	Reason="chan receive"	false	false	false
36208	3	192199366439808	192199366442624	2816	Running->Waiting	Reason="chan receive"	false	false	false
55568	2	192199366440512	192199366443328	2816	Running->Waiting	Reason="chan receive"	false	false	false
36209	3	192199366442944	192199366445376	2432	Running->Waiting	Reason="chan receive"	false	false	false
55645	2	192199366443712	192199366446464	2752	Running->Waiting	Reason="chan receive"	false	false	false
36210	3	192199366445568	192199366448192	2624	Running->Waiting	Reason="chan receive"	false	false	false
55646	2	192199366446656	192199366448960	2304	Running->Waiting	Reason="chan receive"	false	false	false
36211	3	192199366448448	192199366450816	2368	Running->Waiting	Reason="chan receive"	false	false	false
55647	2	192199366449152	192199366451456	2304	Running->Waiting	Reason="chan receive"	false	false	false
55648	2	192199366451648	192199366453760	2112	Running->Waiting	Reason="chan receive"	false	false	false
36232	3	192199366451072	192199366454720	3648	Running->Waiting	Reason="chan receive"	false	false	false
55682	2	192199366453952	192199366456064	2112	Running->Waiting	Reason="chan receive"	false	false	false
36233	3	192199366454912	192199366457536	2624	Running->Waiting	Reason="chan receive"	false	false	false
55683	2	192199366456128	192199366457984	1856	Running->Waiting	Reason="chan receive"	false	false	false
36234	3	192199366457728	192199366460416	2688	Running->Waiting	Reason="chan receive"	false	false	false
55684	2	192199366458432	192199366461120	2688	Running->Waiting	Reason="chan receive"	false	false	false
36213	3	192199366460608	192199366463360	2752	Running->Waiting	Reason="chan receive"	false	false	false
36553	2	192199366461504	192199366464640	3136	Running->Waiting	Reason="chan receive"	false	false	false
36214	3	192199366463616	192199366466176	2560	Running->Waiting	Reason="chan receive"	false	false	false
55690	2	192199366464896	192199366467776	2880	Running->Waiting	Reason="chan receive"	false	false	false
36236	3	192199366466496	192199366469888	3392	Running->Waiting	Reason="chan receive"	false	false	false
55691	2	192199366468096	192199366470528	2432	Running->Waiting	Reason="chan receive"	false	false	false
55692	2	192199366470912	192199366473664	2752	Running->Waiting	Reason="chan send"	false	false	false
36237	3	192199366470208	192199366475072	4864	Running->Waiting	Reason="chan receive"	false	false	false
55692	3	192199366475264	192199366475840	576	Running->Waiting	Reason="chan receive"	false	false	false
55693	2	192199366474048	192199366476928	2880	Running->Waiting	Reason="chan receive"	false	false	false
36252	3	192199366476160	192199366479360	3200	Running->Waiting	Reason="chan receive"	false	false	false
55907	2	192199366477312	192199366480000	2688	Running->Waiting	Reason="chan receive"	false	false	false
36172	3	192199366479680	192199366482240	2560	Running->Waiting	Reason="chan receive"	false	false	false
55986	2	192199366480448	192199366483968	3520	Running->Waiting	Reason="chan receive"	false	false	false
36173	3	192199366482432	192199366485568	3136	Running->Waiting	Reason="chan receive"	false	false	false
55987	2	192199366484160	192199366486528	2368	Running->Waiting	Reason="chan receive"	false	false	false
36174	3	192199366485760	192199366488576	2816	Running->Waiting	Reason="chan receive"	false	false	false
55988	2	192199366486592	192199366489472	2880	Running->Waiting	Reason="chan receive"	false	false	false
55989	2	192199366489728	192199366491968	2240	Running->Waiting	Reason="chan receive"	false	false	false
36239	3	192199366488832	192199366494784	5952	Running->Waiting	Reason="chan receive"	false	false	false
36240	3	192199366495104	192199366497856	2752	Running->Waiting	Reason="chan receive"	false	false	false
55929	2	192199366492416	192199366498560	6144	Running->Waiting	Reason="chan receive"	false	false	false
36176	3	192199366498112	192199366500864	2752	Running->Waiting	Reason="chan receive"	false	false	false
55930	2	192199366498816	192199366501568	2752	Running->Waiting	Reason="chan receive"	false	false	false
55931	2	192199366501760	192199366504128	2368	Running->Waiting	Reason="chan send"	false	false	false
36177	3	192199366501120	192199366505344	4224	Running->Waiting	Reason="chan receive"	false	false	false
55931	3	192199366505472	192199366505984	512	Running->Waiting	Reason="chan receive"	false	false	false
55982	2	192199366504384	192199366506496	2112	Running->Waiting	Reason="chan receive"	false	false	false
36261	3	192199366506176	192199366509056	2880	Running->Waiting	Reason="chan receive"	false	false	false
55983	2	192199366506688	192199366510016	3328	Running->Waiting	Reason="chan receive"	false	false	false
36262	3	192199366509312	192199366512064	2752	Running->Waiting	Reason="chan receive"	false	false	false
55984	2	192199366510336	192199366513024	2688	Running->Waiting	Reason="chan receive"	false	false	false
36263	3	192199366512320	192199366515392	3072	Running->Waiting	Reason="chan receive"	false	false	false
55985	2	192199366513408	192199366516032	2624	Running->Waiting	Reason="chan receive"	false	false	false
56044	2	192199366516224	192199366518848	2624	Running->Waiting	Reason="chan receive"	false	false	false
36291	3	192199366515840	192199366519808	3968	Running->Waiting	Reason="chan receive"	false	false	false
56045	2	192199366519040	192199366520896	1856	Running->Waiting	Reason="chan receive"	false	false	false
56046	2	192199366521152	192199366523456	2304	Running->Waiting	Reason="chan receive"	false	false	false
36293	3	192199366520064	192199366524480	4416	Running->Waiting	Reason="chan receive"	false	false	false
56047	2	192199366523520	192199366525440	1920	Running->Waiting	Reason="chan receive"	false	false	false
36294	3	192199366524736	192199366527424	2688	Running->Waiting	Reason="chan receive"	false	false	false
56564	2	192199366525888	192199366529280	3392	Running->Waiting	Reason="chan receive"	false	false	false
36295	3	192199366527744	192199366530624	2880	Running->Waiting	Reason="chan receive"	false	false	false
56565	2	192199366529536	192199366532992	3456	Running->Waiting	Reason="chan receive"	false	false	false
36289	3	192199366530944	192199366534016	3072	Running->Waiting	Reason="chan receive"	false	false	false
56566	2	192199366533312	192199366536128	2816	Running->Waiting	Reason="chan receive"	false	false	false
36554	3	192199366534400	192199366536896	2496	Running->Waiting	Reason="chan receive"	false	false	false
56567	2	192199366536384	192199366538432	2048	Running->Waiting	Reason="chan receive"	false	false	false
36297	3	192199366537088	192199366539456	2368	Running->Waiting	Reason="chan receive"	false	false	false
56568	2	192199366538624	192199366541376	2752	Running->Waiting	Reason="chan receive"	false	false	false
36298	3	192199366539648	192199366542784	3136	Running->Waiting	Reason="chan receive"	false	false	false
56569	2	192199366541440	192199366543488	2048	Running->Waiting	Reason="chan receive"	false	false	false
36299	3	192199366543040	192199366545344	2304	Running->Waiting	Reason="chan receive"	false	false	false
56570	2	192199366543552	192199366545856	2304	Running->Waiting	Reason="chan receive"	false	false	false
36325	3	192199366545600	192199366547840	2240	Running->Waiting	Reason="chan receive"	false	false	false
56854	2	192199366546176	192199366548672	2496	Running->Waiting	Reason="chan receive"	false	false	false
36326	3	192199366548160	192199366550208	2048	Running->Waiting	Reason="chan receive"	false	false	false
56858	2	192199366548992	192199366551616	2624	Running->Waiting	Reason="chan receive"	false	false	false
36327	3	192199366550464	192199366552704	2240	Running->Waiting	Reason="chan receive"	false	false	false
56859	2	192199366551808	192199366554880	3072	Running->Waiting	Reason="chan receive"	false	false	false
36301	3	192199366552768	192199366555648	2880	Running->Waiting	Reason="chan receive"	false	false	false
56860	2	192199366555072	192199366557312	2240	Running->Waiting	Reason="chan receive"	false	false	false
36302	3	192199366555968	192199366558272	2304	Running->Waiting	Reason="chan receive"	false	false	false
56861	2	192199366557824	192199366560320	2496	Running->Waiting	Reason="chan receive"	false	false	false
36387	3	192199366558464	192199366560960	2496	Running->Waiting	Reason="chan receive"	false	false	false
56843	2	192199366560704	192199366563200	2496	Running->Waiting	Reason="chan receive"	false	false	false
36380	3	192199366561152	192199366563968	2816	Running->Waiting	Reason="chan receive"	false	false	false
56844	2	192199366563392	192199366565952	2560	Running->Waiting	Reason="chan receive"	false	false	false
36381	3	192199366564224	192199366566528	2304	Running->Waiting	Reason="chan receive"	false	false	false
56863	2	192199366566144	192199366568896	2752	Running->Waiting	Reason="chan receive"	false	false	false
36397	3	192199366566720	192199366569472	2752	Running->Waiting	Reason="chan receive"	false	false	false
56881	2	192199366569024	192199366571520	2496	Running->Waiting	Reason="chan receive"	false	false	false
36398	3	192199366569664	192199366572416	2752	Running->Waiting	Reason="chan receive"	false	false	false
56882	2	192199366571712	192199366574016	2304	Running->Waiting	Reason="chan receive"	false	false	false
36342	3	192199366572672	192199366575168	2496	Running->Waiting	Reason="chan receive"	false	false	false
56899	2	192199366574400	192199366576320	1920	Running->Waiting	Reason="chan receive"	false	false	false
36348	3	192199366575360	192199366578048	2688	Running->Waiting	Reason="chan receive"	false	false	false
56900	2	192199366576384	192199366579136	2752	Running->Waiting	Reason="chan receive"	false	false	false
36410	3	192199366578240	192199366580224	1984	Running->Waiting	Reason="chan receive"	false	false	false
56931	2	192199366579456	192199366581568	2112	Running->Waiting	Reason="chan receive"	false	false	false
36350	3	192199366580416	192199366582656	2240	Running->Waiting	Reason="chan receive"	false	false	false
56932	2	192199366581824	192199366584640	2816	Running->Waiting	Reason="chan receive"	false	false	false
36415	3	192199366582848	192199366585280	2432	Running->Waiting	Reason="chan receive"	false	false	false
36450	3	192199366585472	192199366587904	2432	Running->Waiting	Reason="chan receive"	false	false	false
56902	2	192199366585088	192199366588800	3712	Running->Waiting	Reason="chan receive"	false	false	false
36451	3	192199366588160	192199366590080	1920	Running->Waiting	Reason="chan receive"	false	false	false
56903	2	192199366589056	192199366591744	2688	Running->Waiting	Reason="chan receive"	false	false	false
36452	3	192199366590272	192199366592448	2176	Running->Waiting	Reason="chan receive"	false	false	false
36453	3	192199366592704	192199366595136	2432	Running->Waiting	Reason="chan receive"	false	false	false
56934	2	192199366592064	192199366596032	3968	Running->Waiting	Reason="chan receive"	false	false	false
36454	3	192199366595328	192199366597376	2048	Running->Waiting	Reason="chan receive"	false	false	false
56935	2	192199366596288	192199366598976	2688	Running->Waiting	Reason="chan receive"	false	false	false
36436	3	192199366597632	192199366599744	2112	Running->Waiting	Reason="chan receive"	false	false	false
36437	3	192199366600064	192199366602176	2112	Running->Waiting	Reason="chan receive"	false	false	false
56905	2	192199366599296	192199366602688	3392	Running->Waiting	Reason="chan receive"	false	false	false
36438	3	192199366602432	192199366604544	2112	Running->Waiting	Reason="chan receive"	false	false	false
56928	2	192199366603072	192199366605824	2752	Running->Waiting	Reason="chan receive"	false	false	false
36486	3	192199366604736	192199366608000	3264	Running->Waiting	Reason="chan receive"	false	false	false
56929	2	192199366606272	192199366609216	2944	Running->Waiting	Reason="chan receive"	false	false	false
36487	3	192199366608192	192199366610368	2176	Running->Waiting	Reason="chan receive"	false	false	false
56978	2	192199366609536	192199366612160	2624	Running->Waiting	Reason="chan receive"	false	false	false
36488	3	192199366610560	192199366612992	2432	Running->Waiting	Reason="chan receive"	false	false	false
56980	2	192199366612416	192199366615232	2816	Running->Waiting	Reason="chan receive"	false	false	false
36489	3	192199366613504	192199366615936	2432	Running->Waiting	Reason="chan receive"	false	false	false
36490	3	192199366616064	192199366618432	2368	Running->Waiting	Reason="chan receive"	false	false	false
56981	2	192199366615552	192199366619456	3904	Running->Waiting	Reason="chan receive"	false	false	false
36495	3	192199366618624	192199366620480	1856	Running->Waiting	Reason="chan receive"	false	false	false
56982	2	192199366619712	192199366622336	2624	Running->Waiting	Reason="chan receive"	false	false	false
36496	3	192199366620608	192199366623296	2688	Running->Waiting	Reason="chan receive"	false	false	false
56983	2	192199366622592	192199366625088	2496	Running->Waiting	Reason="chan receive"	false	false	false
36497	3	192199366623552	192199366626176	2624	Running->Waiting	Reason="chan receive"	false	false	false
56984	2	192199366625280	192199366628160	2880	Running->Waiting	Reason="chan receive"	false	false	false
36514	3	192199366626432	192199366628992	2560	Running->Waiting	Reason="chan receive"	false	false	false
57048	2	192199366628544	192199366631296	2752	Running->Waiting	Reason="chan receive"	false	false	false
36516	3	192199366629184	192199366631808	2624	Running->Waiting	Reason="chan receive"	false	false	false
36517	3	192199366632256	192199366634176	1920	Running->Waiting	Reason="chan receive"	false	false	false
57017	2	192199366631616	192199366635392	3776	Running->Waiting	Reason="chan receive"	false	false	false
57018	2	192199366635840	192199366638976	3136	Running->Waiting	Reason="chan receive"	false	false	false
5123	2	192199366639232	192199366641664	2432	Running->Waiting	Reason="sync"	false	false	false
36555	3	192199366651840	192199366654208	2368	Running->Waiting	Reason="chan receive"	false	false	false
36534	3	192199366654272	192199366656640	2368	Running->Waiting	Reason="chan receive"	false	false	false
36535	3	192199366656832	192199366658624	1792	Running->Waiting	Reason="chan receive"	false	false	false
36536	3	192199366658752	192199366660992	2240	Running->Waiting	Reason="chan receive"	false	false	false
36537	3	192199366661248	192199366662912	1664	Running->Waiting	Reason="chan receive"	false	false	false
36538	3	192199366663168	192199366665088	1920	Running->Waiting	Reason="chan receive"	false	false	false
36539	3	192199366665344	192199366667520	2176	Running->Waiting	Reason="chan receive"	false	false	false
36628	3	192199366667840	192199366669952	2112	Running->Waiting	Reason="chan receive"	false	false	false
36629	3	192199366670144	192199366672384	2240	Running->Waiting	Reason="chan receive"	false	false	false
36630	3	192199366672512	192199366674624	2112	Running->Waiting	Reason="chan receive"	false	false	false
37288	2	192199366672000	192199366675776	3776	Running->Waiting	Reason="chan receive"	false	false	false
36566	3	192199366674752	192199366677056	2304	Running->Waiting	Reason="chan receive"	false	false	false
37286	2	192199366676096	192199366678336	2240	Running->Waiting	Reason="chan receive"	false	false	false
36593	3	192199366677568	192199366679872	2304	Running->Waiting	Reason="chan receive"	false	false	false
37563	2	192199366678784	192199366681024	2240	Running->Waiting	Reason="chan receive"	false	false	false
36643	3	192199366680192	192199366682048	1856	Running->Waiting	Reason="chan receive"	false	false	false
37245	2	192199366681280	192199366684096	2816	Running->Waiting	Reason="chan receive"	false	false	false
36644	3	192199366682176	192199366685056	2880	Running->Waiting	Reason="chan receive"	false	false	false
37246	2	192199366684288	192199366686720	2432	Running->Waiting	Reason="chan receive"	false	false	false
36642	3	192199366685312	192199366687936	2624	Running->Waiting	Reason="chan receive"	false	false	false
37247	2	192199366687040	192199366689472	2432	Running->Waiting	Reason="chan receive"	false	false	false
36669	3	192199366688128	192199366690496	2368	Running->Waiting	Reason="chan receive"	false	false	false
37248	2	192199366689600	192199366692224	2624	Running->Waiting	Reason="chan receive"	false	false	false
36670	3	192199366690880	192199366693696	2816	Running->Waiting	Reason="chan receive"	false	false	false
37347	2	192199366692480	192199366694528	2048	Running->Waiting	Reason="chan receive"	false	false	false
36569	3	192199366693888	192199366696192	2304	Running->Waiting	Reason="chan receive"	false	false	false
37348	2	192199366694720	192199366697344	2624	Running->Waiting	Reason="chan receive"	false	false	false
36572	3	192199366696384	192199366698752	2368	Running->Waiting	Reason="chan receive"	false	false	false
37349	2	192199366697664	192199366700160	2496	Running->Waiting	Reason="chan receive"	false	false	false
36573	3	192199366699008	192199366701248	2240	Running->Waiting	Reason="chan receive"	false	false	false
37350	2	192199366700224	192199366702336	2112	Running->Waiting	Reason="chan receive"	false	false	false
36574	3	192199366701440	192199366703744	2304	Running->Waiting	Reason="chan receive"	false	false	false
37367	2	192199366702528	192199366704960	2432	Running->Waiting	Reason="chan receive"	false	false	false
37368	2	192199366705216	192199366707264	2048	Running->Waiting	Reason="chan receive"	false	false	false
36575	3	192199366704000	192199366708480	4480	Running->Waiting	Reason="chan receive"	false	false	false
37307	2	192199366707456	192199366709952	2496	Running->Waiting	Reason="chan receive"	false	false	false
36576	3	192199366708608	192199366710912	2304	Running->Waiting	Reason="chan receive"	false	false	false
37308	2	192199366710208	192199366712704	2496	Running->Waiting	Reason="chan receive"	false	false	false
37564	3	192199366711168	192199366713344	2176	Running->Waiting	Reason="chan receive"	false	false	false
36690	3	192199366713600	192199366715840	2240	Running->Waiting	Reason="chan receive"	false	false	false
37361	2	192199366712960	192199366716800	3840	Running->Waiting	Reason="chan receive"	false	false	false
36692	3	192199366716032	192199366718336	2304	Running->Waiting	Reason="chan receive"	false	false	false
37394	2	192199366717056	192199366718912	1856	Running->Waiting	Reason="chan receive"	false	false	false
36693	3	192199366718592	192199366720640	2048	Running->Waiting	Reason="chan receive"	false	false	false
37395	2	192199366719104	192199366721664	2560	Running->Waiting	Reason="chan receive"	false	false	false
36694	3	192199366720768	192199366722752	1984	Running->Waiting	Reason="chan receive"	false	false	false
37343	2	192199366721920	192199366724928	3008	Running->Waiting	Reason="chan receive"	false	false	false
37445	3	192199366723008	192199366725696	2688	Running->Waiting	Reason="chan receive"	false	false	false
37344	2	192199366725056	192199366727232	2176	Running->Waiting	Reason="chan receive"	false	false	false
36688	3	192199366725888	192199366728256	2368	Running->Waiting	Reason="chan receive"	false	false	false
37345	2	192199366727424	192199366730048	2624	Running->Waiting	Reason="chan receive"	false	false	false
36689	3	192199366728512	192199366730688	2176	Running->Waiting	Reason="chan receive"	false	false	false
37411	2	192199366730240	192199366732608	2368	Running->Waiting	Reason="chan receive"	false	false	false
36722	3	192199366730816	192199366733184	2368	Running->Waiting	Reason="chan receive"	false	false	false
37410	2	192199366732864	192199366735168	2304	Running->Waiting	Reason="chan receive"	false	false	false
36723	3	192199366733376	192199366735936	2560	Running->Waiting	Reason="chan receive"	false	false	false
36724	3	192199366736192	192199366738176	1984	Running->Waiting	Reason="chan receive"	false	false	false
37381	2	192199366735424	192199366739008	3584	Running->Waiting	Reason="chan receive"	false	false	false
36744	3	192199366738560	192199366740800	2240	Running->Waiting	Reason="chan receive"	false	false	false
37382	2	192199366739136	192199366741568	2432	Running->Waiting	Reason="chan receive"	false	false	false
36638	3	192199366740992	192199366743104	2112	Running->Waiting	Reason="chan receive"	false	false	false
37409	2	192199366741888	192199366744064	2176	Running->Waiting	Reason="chan receive"	false	false	false
36639	3	192199366743296	192199366745216	1920	Running->Waiting	Reason="chan receive"	false	false	false
37442	2	192199366744256	192199366746432	2176	Running->Waiting	Reason="chan receive"	false	false	false
36640	3	192199366745536	192199366747840	2304	Running->Waiting	Reason="chan receive"	false	false	false
37443	2	192199366746624	192199366748736	2112	Running->Waiting	Reason="chan receive"	false	false	false
36746	3	192199366748032	192199366750848	2816	Running->Waiting	Reason="chan receive"	false	false	false
37444	2	192199366748928	192199366751936	3008	Running->Waiting	Reason="chan receive"	false	false	false
36747	3	192199366751040	192199366753536	2496	Running->Waiting	Reason="chan receive"	false	false	false
37465	2	192199366752128	192199366754624	2496	Running->Waiting	Reason="chan receive"	false	false	false
36771	3	192199366753664	192199366755840	2176	Running->Waiting	Reason="chan receive"	false	false	false
37446	2	192199366754752	192199366757120	2368	Running->Waiting	Reason="chan receive"	false	false	false
36772	3	192199366756032	192199366758144	2112	Running->Waiting	Reason="chan receive"	false	false	false
37447	2	192199366757568	192199366759680	2112	Running->Waiting	Reason="chan receive"	false	false	false
36773	3	192199366758272	192199366760448	2176	Running->Waiting	Reason="chan receive"	false	false	false
37448	2	192199366759872	192199366762304	2432	Running->Waiting	Reason="chan receive"	false	false	false
36774	3	192199366760640	192199366763328	2688	Running->Waiting	Reason="chan receive"	false	false	false
37449	2	192199366762560	192199366765312	2752	Running->Waiting	Reason="chan receive"	false	false	false
36792	3	192199366763584	192199366766144	2560	Running->Waiting	Reason="chan receive"	false	false	false
37450	2	192199366765632	192199366767872	2240	Running->Waiting	Reason="chan receive"	false	false	false
36793	3	192199366766464	192199366769728	3264	Running->Waiting	Reason="chan receive"	false	false	false
37451	2	192199366768128	192199366770624	2496	Running->Waiting	Reason="chan receive"	false	false	false
36763	3	192199366770048	192199366772800	2752	Running->Waiting	Reason="chan receive"	false	false	false
37452	2	192199366770816	192199366773824	3008	Running->Waiting	Reason="chan receive"	false	false	false
37453	2	192199366774144	192199366776768	2624	Running->Waiting	Reason="chan receive"	false	false	false
36751	3	192199366773120	192199366777600	4480	Running->Waiting	Reason="chan receive"	false	false	false
37486	2	192199366777024	192199366780096	3072	Running->Waiting	Reason="chan receive"	false	false	false
36752	3	192199366778048	192199366781184	3136	Running->Waiting	Reason="chan receive"	false	false	false
37487	2	192199366780288	192199366783808	3520	Running->Waiting	Reason="chan receive"	false	false	false
36753	3	192199366781632	192199366785152	3520	Running->Waiting	Reason="chan receive"	false	false	false
37500	2	192199366784256	192199366787520	3264	Running->Waiting	Reason="chan receive"	false	false	false
36818	3	192199366785728	192199366789440	3712	Running->Waiting	Reason="chan receive"	false	false	false
37501	2	192199366787968	192199366791808	3840	Running->Waiting	Reason="chan receive"	false	false	false
36819	3	192199366789824	192199366793216	3392	Running->Waiting	Reason="chan receive"	false	false	false
37502	2	192199366792128	192199366795264	3136	Running->Waiting	Reason="chan receive"	false	false	false
36821	3	192199366793600	192199366797184	3584	Running->Waiting	Reason="chan receive"	false	false	false
37503	2	192199366795520	192199366798080	2560	Running->Waiting	Reason="chan receive"	false	false	false
36822	3	192199366797568	192199366800576	3008	Running->Waiting	Reason="chan receive"	false	false	false
37504	2	192199366798336	192199366801280	2944	Running->Waiting	Reason="chan receive"	false	false	false
36823	3	192199366800960	192199366803840	2880	Running->Waiting	Reason="chan receive"	false	false	false
37505	2	192199366801536	192199366804672	3136	Running->Waiting	Reason="chan receive"	false	false	false
36824	3	192199366804224	192199366806976	2752	Running->Waiting	Reason="chan receive"	false	false	false
37506	2	192199366804928	192199366808064	3136	Running->Waiting	Reason="chan receive"	false	false	false
36825	3	192199366807296	192199366811264	3968	Running->Waiting	Reason="chan receive"	false	false	false
37507	2	192199366808256	192199366812160	3904	Running->Waiting	Reason="chan receive"	false	false	false
37508	2	192199366812288	192199366814400	2112	Running->Waiting	Reason="chan receive"	false	false	false
36853	3	192199366811584	192199366815360	3776	Running->Waiting	Reason="chan receive"	false	false	false
37509	2	192199366814656	192199366817152	2496	Running->Waiting	Reason="chan receive"	false	false	false
36845	3	192199366815616	192199366818752	3136	Running->Waiting	Reason="chan receive"	false	false	false
37510	2	192199366817408	192199366819904	2496	Running->Waiting	Reason="chan receive"	false	false	false
36846	3	192199366819008	192199366821952	2944	Running->Waiting	Reason="chan receive"	false	false	false
37511	2	192199366820096	192199366823040	2944	Running->Waiting	Reason="chan receive"	false	false	false
36847	3	192199366822208	192199366825216	3008	Running->Waiting	Reason="chan receive"	false	false	false
37512	2	192199366823232	192199366826368	3136	Running->Waiting	Reason="chan receive"	false	false	false
36799	3	192199366825600	192199366828800	3200	Running->Waiting	Reason="chan receive"	false	false	false
37513	2	192199366826624	192199366829440	2816	Running->Waiting	Reason="chan receive"	false	false	false
36800	3	192199366828928	192199366831104	2176	Running->Waiting	Reason="chan receive"	false	false	false
37514	2	192199366829632	192199366832128	2496	Running->Waiting	Reason="chan receive"	false	false	false
36801	3	192199366831424	192199366834624	3200	Running->Waiting	Reason="chan receive"	false	false	false
37515	2	192199366832384	192199366836032	3648	Running->Waiting	Reason="chan receive"	false	false	false
36882	3	192199366834944	192199366838080	3136	Running->Waiting	Reason="chan receive"	false	false	false
37435	2	192199366836352	192199366839808	3456	Running->Waiting	Reason="chan receive"	false	false	false
36930	3	192199366838400	192199366842432	4032	Running->Waiting	Reason="chan receive"	false	false	false
37436	2	192199366840128	192199366843200	3072	Running->Waiting	Reason="chan receive"	false	false	false
36931	3	192199366842624	192199366845696	3072	Running->Waiting	Reason="chan receive"	false	false	false
37437	2	192199366843520	192199366846784	3264	Running->Waiting	Reason="chan receive"	false	false	false
36932	3	192199366845824	192199366848896	3072	Running->Waiting	Reason="chan receive"	false	false	false
37438	2	192199366847040	192199366850624	3584	Running->Waiting	Reason="chan receive"	false	false	false
36933	3	192199366849408	192199366852672	3264	Running->Waiting	Reason="chan receive"	false	false	false
37439	2	192199366850880	192199366853696	2816	Running->Waiting	Reason="chan receive"	false	false	false
36934	3	192199366853120	192199366856896	3776	Running->Waiting	Reason="chan receive"	false	false	false
37440	2	192199366854016	192199366857984	3968	Running->Waiting	Reason="chan receive"	false	false	false
36935	3	192199366857280	192199366860160	2880	Running->Waiting	Reason="chan receive"	false	false	false
37441	2	192199366858240	192199366861312	3072	Running->Waiting	Reason="chan receive"	false	false	false
36936	3	192199366860544	192199366863296	2752	Running->Waiting	Reason="chan receive"	false	false	false
37565	2	192199366861696	192199366864960	3264	Running->Waiting	Reason="chan receive"	false	false	false
36940	3	192199366863552	192199366866112	2560	Running->Waiting	Reason="chan receive"	false	false	false
37474	2	192199366865280	192199366868544	3264	Running->Waiting	Reason="chan receive"	false	false	false
36941	3	192199366866304	192199366869760	3456	Running->Waiting	Reason="chan receive"	false	false	false
37475	2	192199366868672	192199366871168	2496	Running->Waiting	Reason="chan receive"	false	false	false
36942	3	192199366870016	192199366872704	2688	Running->Waiting	Reason="chan receive"	false	false	false
37476	2	192199366871552	192199366875136	3584	Running->Waiting	Reason="chan receive"	false	false	false
36925	3	192199366873216	192199366876544	3328	Running->Waiting	Reason="chan receive"	false	false	false
37477	2	192199366875520	192199366878912	3392	Running->Waiting	Reason="chan receive"	false	false	false
36926	3	192199366876736	192199366879872	3136	Running->Waiting	Reason="chan receive"	false	false	false
37478	2	192199366879424	192199366882176	2752	Running->Waiting	Reason="chan receive"	false	false	false
37028	3	192199366880128	192199366884736	4608	Running->Waiting	Reason="chan receive"	false	false	false
37479	2	192199366882432	192199366885760	3328	Running->Waiting	Reason="chan receive"	false	false	false
37029	3	192199366885056	192199366887872	2816	Running->Waiting	Reason="chan receive"	false	false	false
37480	2	192199366886080	192199366889408	3328	Running->Waiting	Reason="chan receive"	false	false	false
37030	3	192199366887936	192199366890688	2752	Running->Waiting	Reason="chan receive"	false	false	false
37481	2	192199366889728	192199366892928	3200	Running->Waiting	Reason="chan receive"	false	false	false
37031	3	192199366891008	192199366894336	3328	Running->Waiting	Reason="chan receive"	false	false	false
37482	2	192199366893312	192199366895424	2112	Running->Waiting	Reason="chan receive"	false	false	false
37032	3	192199366894528	192199366897280	2752	Running->Waiting	Reason="chan receive"	false	false	false
37483	2	192199366895744	192199366898304	2560	Running->Waiting	Reason="chan receive"	false	false	false
37078	3	192199366897472	192199366900224	2752	Running->Waiting	Reason="chan receive"	false	false	false
37484	2	192199366898688	192199366900992	2304	Running->Waiting	Reason="chan receive"	false	false	false
37485	2	192199366901120	192199366903424	2304	Running->Waiting	Reason="chan receive"	false	false	false
37079	3	192199366900416	192199366904320	3904	Running->Waiting	Reason="chan receive"	false	false	false
37516	2	192199366903680	192199366906176	2496	Running->Waiting	Reason="chan receive"	false	false	false
37566	3	192199366904576	192199366908480	3904	Running->Waiting	Reason="chan receive"	false	false	false
37488	2	192199366906432	192199366909568	3136	Running->Waiting	Reason="chan receive"	false	false	false
37070	3	192199366908608	192199366911296	2688	Running->Waiting	Reason="chan receive"	false	false	false
37489	2	192199366909696	192199366913088	3392	Running->Waiting	Reason="chan receive"	false	false	false
37071	3	192199366911424	192199366914112	2688	Running->Waiting	Reason="chan receive"	false	false	false
37490	2	192199366913280	192199366915456	2176	Running->Waiting	Reason="chan receive"	false	false	false
37072	3	192199366914368	192199366916224	1856	Running->Waiting	Reason="chan receive"	false	false	false
37491	2	192199366915648	192199366917696	2048	Running->Waiting	Reason="chan receive"	false	false	false
37086	3	192199366916416	192199366918848	2432	Running->Waiting	Reason="chan receive"	false	false	false
37492	2	192199366917888	192199366920128	2240	Running->Waiting	Reason="chan receive"	false	false	false
37087	3	192199366919040	192199366921472	2432	Running->Waiting	Reason="chan receive"	false	false	false
37493	2	192199366920320	192199366922432	2112	Running->Waiting	Reason="chan receive"	false	false	false
37088	3	192199366921600	192199366923968	2368	Running->Waiting	Reason="chan receive"	false	false	false
37494	2	192199366922688	192199366925056	2368	Running->Waiting	Reason="chan receive"	false	false	false
37089	3	192199366924160	192199366926592	2432	Running->Waiting	Reason="chan receive"	false	false	false
37495	2	192199366925312	192199366927872	2560	Running->Waiting	Reason="chan receive"	false	false	false
37496	2	192199366928128	192199366930368	2240	Running->Waiting	Reason="chan receive"	false	false	false
37106	3	192199366926848	192199366930752	3904	Running->Waiting	Reason="chan receive"	false	false	false
37497	2	192199366930496	192199366933696	3200	Running->Waiting	Reason="chan receive"	false	false	false
37123	3	192199366931072	192199366934720	3648	Running->Waiting	Reason="chan receive"	false	false	false
37125	3	192199366934976	192199366937216	2240	Running->Waiting	Reason="chan receive"	false	false	false
37498	2	192199366934080	192199366937728	3648	Running->Waiting	Reason="chan receive"	false	false	false
37051	3	192199366937472	192199366939904	2432	Running->Waiting	Reason="chan receive"	false	false	false
37499	2	192199366937984	192199366940800	2816	Running->Waiting	Reason="chan receive"	false	false	false
37052	3	192199366940032	192199366942400	2368	Running->Waiting	Reason="chan receive"	false	false	false
37517	2	192199366940928	192199366944000	3072	Running->Waiting	Reason="chan receive"	false	false	false
36977	3	192199366942720	192199366945280	2560	Running->Waiting	Reason="chan receive"	false	false	false
37538	2	192199366944320	192199366946624	2304	Running->Waiting	Reason="chan receive"	false	false	false
37054	3	192199366945472	192199366947904	2432	Running->Waiting	Reason="chan receive"	false	false	false
37525	2	192199366946880	192199366949504	2624	Running->Waiting	Reason="chan receive"	false	false	false
37055	3	192199366948096	192199366950592	2496	Running->Waiting	Reason="chan receive"	false	false	false
37526	2	192199366949696	192199366951808	2112	Running->Waiting	Reason="chan receive"	false	false	false
37056	3	192199366950784	192199366952960	2176	Running->Waiting	Reason="chan receive"	false	false	false
37527	2	192199366952000	192199366954304	2304	Running->Waiting	Reason="chan receive"	false	false	false
37057	3	192199366953152	192199366955904	2752	Running->Waiting	Reason="chan receive"	false	false	false
37539	2	192199366954560	192199366956864	2304	Running->Waiting	Reason="chan receive"	false	false	false
37187	3	192199366956160	192199366958336	2176	Running->Waiting	Reason="chan receive"	false	false	false
37528	2	192199366956992	192199366959104	2112	Running->Waiting	Reason="chan receive"	false	false	false
37188	3	192199366958528	192199366961216	2688	Running->Waiting	Reason="chan receive"	false	false	false
37546	2	192199366959296	192199366961856	2560	Running->Waiting	Reason="chan receive"	false	false	false
37189	3	192199366961536	192199366964032	2496	Running->Waiting	Reason="chan receive"	false	false	false
37547	2	192199366962176	192199366965056	2880	Running->Waiting	Reason="chan receive"	false	false	false
37190	3	192199366964288	192199366966720	2432	Running->Waiting	Reason="chan receive"	false	false	false
37548	2	192199366965248	192199366967744	2496	Running->Waiting	Reason="chan receive"	false	false	false
37149	3	192199366966976	192199366969984	3008	Running->Waiting	Reason="chan receive"	false	false	false
37549	2	192199366968064	192199366971008	2944	Running->Waiting	Reason="chan receive"	false	false	false
37150	3	192199366970176	192199366972800	2624	Running->Waiting	Reason="chan receive"	false	false	false
37550	2	192199366971328	192199366975232	3904	Running->Waiting	Reason="chan receive"	false	false	false
37151	3	192199366973120	192199366976256	3136	Running->Waiting	Reason="chan receive"	false	false	false
37569	2	192199366975424	192199366977920	2496	Running->Waiting	Reason="chan receive"	false	false	false
37152	3	192199366976512	192199366978944	2432	Running->Waiting	Reason="chan receive"	false	false	false
37570	2	192199366978048	192199366980096	2048	Running->Waiting	Reason="chan receive"	false	false	false
37153	3	192199366979072	192199366981184	2112	Running->Waiting	Reason="chan receive"	false	false	false
37579	2	192199366980288	192199366982720	2432	Running->Waiting	Reason="chan receive"	false	false	false
37194	3	192199366981376	192199366983616	2240	Running->Waiting	Reason="chan receive"	false	false	false
37580	2	192199366982912	192199366985024	2112	Running->Waiting	Reason="chan receive"	false	false	false
37195	3	192199366983872	192199366986112	2240	Running->Waiting	Reason="chan receive"	false	false	false
37581	2	192199366985344	192199366987520	2176	Running->Waiting	Reason="chan receive"	false	false	false
37196	3	192199366986368	192199366988416	2048	Running->Waiting	Reason="chan receive"	false	false	false
37582	2	192199366987712	192199366990272	2560	Running->Waiting	Reason="chan receive"	false	false	false
37257	3	192199366988608	192199366991360	2752	Running->Waiting	Reason="chan receive"	false	false	false
37583	2	192199366990464	192199366992704	2240	Running->Waiting	Reason="chan receive"	false	false	false
37258	3	192199366991552	192199366994688	3136	Running->Waiting	Reason="chan receive"	false	false	false
37584	2	192199366992960	192199366995712	2752	Running->Waiting	Reason="chan receive"	false	false	false
37259	3	192199366994880	192199366997568	2688	Running->Waiting	Reason="chan receive"	false	false	false
37585	2	192199366996032	192199366998656	2624	Running->Waiting	Reason="chan receive"	false	false	false
37260	3	192199366997760	192199367000064	2304	Running->Waiting	Reason="chan receive"	false	false	false
37586	2	192199366998720	192199367002176	3456	Running->Waiting	Reason="chan receive"	false	false	false
37262	3	192199367000320	192199367002688	2368	Running->Waiting	Reason="chan receive"	false	false	false
37587	2	192199367002368	192199367004480	2112	Running->Waiting	Reason="chan receive"	false	false	false
37263	3	192199367002752	192199367005376	2624	Running->Waiting	Reason="chan receive"	false	false	false
37588	2	192199367004736	192199367007808	3072	Running->Waiting	Reason="chan receive"	false	false	false
37264	3	192199367005440	192199367008832	3392	Running->Waiting	Reason="chan receive"	false	false	false
37589	2	192199367008128	192199367010816	2688	Running->Waiting	Reason="chan receive"	false	false	false
37265	3	192199367009088	192199367012224	3136	Running->Waiting	Reason="chan receive"	false	false	false
37590	2	192199367011136	192199367014464	3328	Running->Waiting	Reason="chan receive"	false	false	false
37223	3	192199367012288	192199367015360	3072	Running->Waiting	Reason="chan receive"	false	false	false
37591	2	192199367014784	192199367017856	3072	Running->Waiting	Reason="chan receive"	false	false	false
37224	3	192199367015552	192199367018688	3136	Running->Waiting	Reason="chan receive"	false	false	false
37592	2	192199367018048	192199367020032	1984	Running->Waiting	Reason="chan receive"	false	false	false
37225	3	192199367018816	192199367020736	1920	Running->Waiting	Reason="chan receive"	false	false	false
37593	2	192199367020224	192199367022848	2624	Running->Waiting	Reason="chan receive"	false	false	false
37226	3	192199367021184	192199367023680	2496	Running->Waiting	Reason="chan receive"	false	false	false
37551	2	192199367022976	192199367025408	2432	Running->Waiting	Reason="chan receive"	false	false	false
37227	3	192199367023808	192199367026112	2304	Running->Waiting	Reason="chan receive"	false	false	false
37552	2	192199367025600	192199367027904	2304	Running->Waiting	Reason="chan receive"	false	false	false
37284	3	192199367026304	192199367028736	2432	Running->Waiting	Reason="chan receive"	false	false	false
37553	2	192199367028224	192199367030528	2304	Running->Waiting	Reason="chan receive"	false	false	false
37285	3	192199367029120	192199367031168	2048	Running->Waiting	Reason="chan receive"	false	false	false
37554	2	192199367030784	192199367033664	2880	Running->Waiting	Reason="chan receive"	false	false	false
37287	3	192199367031360	192199367034432	3072	Running->Waiting	Reason="chan receive"	false	false	false
37555	2	192199367033856	192199367036096	2240	Running->Waiting	Reason="chan receive"	false	false	false
37556	2	192199367036160	192199367038208	2048	Running->Waiting	Reason="chan receive"	false	false	false
37567	3	192199367054144	192199367057088	2944	Running->Waiting	Reason="chan receive"	false	false	false
37568	3	192199367057472	192199367060480	3008	Running->Waiting	Reason="chan receive"	false	false	false
37594	3	192199367060736	192199367064384	3648	Running->Waiting	Reason="chan receive"	false	false	false
37697	2	192199367058048	192199367066048	8000	Running->Waiting	Reason="chan receive"	false	false	false
37571	3	192199367064704	192199367068416	3712	Running->Waiting	Reason="chan receive"	false	false	false
37557	2	192199367066496	192199367069504	3008	Running->Waiting	Reason="chan receive"	false	false	false
37572	3	192199367068672	192199367071488	2816	Running->Waiting	Reason="chan receive"	false	false	false
37558	2	192199367069696	192199367072128	2432	Running->Waiting	Reason="chan receive"	false	false	false
37573	3	192199367071744	192199367074432	2688	Running->Waiting	Reason="chan receive"	false	false	false
37559	2	192199367072384	192199367075520	3136	Running->Waiting	Reason="chan receive"	false	false	false
37574	3	192199367074688	192199367077312	2624	Running->Waiting	Reason="chan receive"	false	false	false
37560	2	192199367075584	192199367078848	3264	Running->Waiting	Reason="chan receive"	false	false	false
37575	3	192199367077568	192199367080192	2624	Running->Waiting	Reason="chan receive"	false	false	false
37576	3	192199367080384	192199367082880	2496	Running->Waiting	Reason="chan receive"	false	false	false
37561	2	192199367079040	192199367084096	5056	Running->Waiting	Reason="chan receive"	false	false	false
37577	3	192199367083200	192199367085824	2624	Running->Waiting	Reason="chan receive"	false	false	false
37562	2	192199367084416	192199367087296	2880	Running->Waiting	Reason="chan receive"	false	false	false
37578	3	192199367086080	192199367088448	2368	Running->Waiting	Reason="chan receive"	false	false	false
37595	3	192199367088768	192199367091520	2752	Running->Waiting	Reason="chan receive"	false	false	false
37596	3	192199367091776	192199367094784	3008	Running->Waiting	Reason="chan receive"	false	false	false
37597	3	192199367094976	192199367097856	2880	Running->Waiting	Reason="chan receive"	false	false	false
37598	3	192199367098112	192199367101184	3072	Running->Waiting	Reason="chan receive"	false	false	false
37762	2	192199367106560	192199367108672	2112	Running->Waiting	Reason="chan receive"	false	false	false
37893	3	192199367106368	192199367109696	3328	Running->Waiting	Reason="chan receive"	false	false	false
37763	2	192199367108928	192199367111168	2240	Running->Waiting	Reason="chan receive"	false	false	false
37599	3	192199367109952	192199367112256	2304	Running->Waiting	Reason="chan receive"	false	false	false
37764	2	192199367111424	192199367114304	2880	Running->Waiting	Reason="chan receive"	false	false	false
37600	3	192199367112512	192199367116736	4224	Running->Waiting	Reason="chan receive"	false	false	false
37765	2	192199367114560	192199367117952	3392	Running->Waiting	Reason="chan receive"	false	false	false
37601	3	192199367116992	192199367119744	2752	Running->Waiting	Reason="chan receive"	false	false	false
37757	2	192199367118144	192199367120768	2624	Running->Waiting	Reason="chan receive"	false	false	false
37602	3	192199367120000	192199367123200	3200	Running->Waiting	Reason="chan receive"	false	false	false
37758	2	192199367120960	192199367124352	3392	Running->Waiting	Reason="chan receive"	false	false	false
37603	3	192199367123456	192199367126528	3072	Running->Waiting	Reason="chan receive"	false	false	false
37703	2	192199367124544	192199367127168	2624	Running->Waiting	Reason="chan receive"	false	false	false
37604	3	192199367126848	192199367129792	2944	Running->Waiting	Reason="chan receive"	false	false	false
37759	2	192199367127360	192199367130560	3200	Running->Waiting	Reason="chan receive"	false	false	false
37650	3	192199367130048	192199367133312	3264	Running->Waiting	Reason="chan receive"	false	false	false
37760	2	192199367130880	192199367134272	3392	Running->Waiting	Reason="chan receive"	false	false	false
37653	3	192199367133568	192199367136832	3264	Running->Waiting	Reason="chan receive"	false	false	false
37704	2	192199367134528	192199367137984	3456	Running->Waiting	Reason="chan receive"	false	false	false
37654	3	192199367137088	192199367140608	3520	Running->Waiting	Reason="chan receive"	false	false	false
37761	2	192199367138176	192199367141376	3200	Running->Waiting	Reason="chan receive"	false	false	false
37634	3	192199367140928	192199367144256	3328	Running->Waiting	Reason="chan receive"	false	false	false
37778	2	192199367141568	192199367144960	3392	Running->Waiting	Reason="chan receive"	false	false	false
37813	3	192199367144512	192199367148032	3520	Running->Waiting	Reason="chan send"	false	false	false
37779	2	192199367145216	192199367150080	4864	Running->Waiting	Reason="chan receive"	false	false	false
37813	2	192199367150208	192199367150656	448	Running->Waiting	Reason="chan receive"	false	false	false
37466	3	192199367148224	192199367152064	3840	Running->Waiting	Reason="chan receive"	false	false	false
37780	2	192199367150976	192199367153472	2496	Running->Waiting	Reason="chan receive"	false	false	false
37656	3	192199367152384	192199367155712	3328	Running->Waiting	Reason="chan receive"	false	false	false
37781	2	192199367153664	192199367156160	2496	Running->Waiting	Reason="chan receive"	false	false	false
37782	2	192199367156352	192199367158592	2240	Running->Waiting	Reason="chan receive"	false	false	false
37467	3	192199367156096	192199367159744	3648	Running->Waiting	Reason="chan receive"	false	false	false
37767	2	192199367158848	192199367160768	1920	Running->Waiting	Reason="chan receive"	false	false	false
37635	3	192199367159936	192199367162880	2944	Running->Waiting	Reason="chan receive"	false	false	false
37805	2	192199367161024	192199367163520	2496	Running->Waiting	Reason="chan receive"	false	false	false
37636	3	192199367163136	192199367165952	2816	Running->Waiting	Reason="chan receive"	false	false	false
37806	2	192199367163712	192199367166720	3008	Running->Waiting	Reason="chan receive"	false	false	false
37468	3	192199367166208	192199367168896	2688	Running->Waiting	Reason="chan receive"	false	false	false
37807	2	192199367166976	192199367170432	3456	Running->Waiting	Reason="chan receive"	false	false	false
37637	3	192199367169088	192199367171520	2432	Running->Waiting	Reason="chan receive"	false	false	false
37808	2	192199367170880	192199367174272	3392	Running->Waiting	Reason="chan receive"	false	false	false
37469	3	192199367171712	192199367175168	3456	Running->Waiting	Reason="chan receive"	false	false	false
37809	2	192199367174400	192199367176832	2432	Running->Waiting	Reason="chan receive"	false	false	false
37638	3	192199367175424	192199367177920	2496	Running->Waiting	Reason="chan receive"	false	false	false
37810	2	192199367177088	192199367180096	3008	Running->Waiting	Reason="chan receive"	false	false	false
37470	3	192199367178112	192199367180736	2624	Running->Waiting	Reason="chan receive"	false	false	false
37811	2	192199367180352	192199367182656	2304	Running->Waiting	Reason="chan receive"	false	false	false
37639	3	192199367180928	192199367183744	2816	Running->Waiting	Reason="chan receive"	false	false	false
37812	2	192199367182912	192199367185280	2368	Running->Waiting	Reason="chan receive"	false	false	false
37471	3	192199367183872	192199367186112	2240	Running->Waiting	Reason="chan receive"	false	false	false
37936	2	192199367185472	192199367187776	2304	Running->Waiting	Reason="chan receive"	false	false	false
37640	3	192199367186304	192199367188032	1728	continues-at-right-boundary		false	false	true
17074	0	192199363675136	192199367188032	3512896	continues-at-right-boundary		false	false	true
21000	1	192199365605952	192199367188032	1582080	continues-at-right-boundary		false	false	true
