event	target_unix	request_unix_ns	status
vc-cpu	1788621051	1788621051028964006	start
bn-cpu	1788621051	1788621051028964206	start
stats-plus-1	1788621052	1788621052038306111	start
bn-goroutine+1	1788621052	1788621052039167618	start
vc-goroutine+1	1788621052	1788621052039285349	start
vc-goroutine+1	1788621052	1788621052047272588	complete
bn-goroutine+1	1788621052	1788621052047657892	complete
stats-plus-1	1788621052	1788621054061274977	complete
bn-goroutine+13	1788621064	1788621064027662382	start
vc-goroutine+13	1788621064	1788621064027662412	start
stats-plus-13	1788621064	1788621064027662372	start
vc-goroutine+13	1788621064	1788621064040496612	complete
bn-goroutine+13	1788621064	1788621064074728091	complete
stats-plus-13	1788621064	1788621066056536457	complete
stats-plus-19	1788621070	1788621070019165342	start
vc-goroutine+19	1788621070	1788621070019165281	start
bn-goroutine+19	1788621070	1788621070019166714	start
vc-goroutine+19	1788621070	1788621070030409315	complete
bn-goroutine+19	1788621070	1788621070060803708	complete
stats-plus-19	1788621070	1788621072043669016	complete
bn-goroutine+25	1788621076	1788621076021391546	start
vc-goroutine+25	1788621076	1788621076021390284	start
stats-plus-25	1788621076	1788621076021404921	start
vc-goroutine+25	1788621076	1788621076031156292	complete
bn-goroutine+25	1788621076	1788621076388366814	complete
stats-plus-25	1788621076	1788621078044521627	complete
stats-plus-31	1788621082	1788621082018772392	start
vc-goroutine+31	1788621082	1788621082018772412	start
bn-goroutine+31	1788621082	1788621082018772402	start
vc-goroutine+31	1788621082	1788621082031216118	complete
bn-goroutine+31	1788621082	1788621082055376315	complete
stats-plus-31	1788621082	1788621084042267706	complete
bn-goroutine+37	1788621088	1788621088021181732	start
stats-plus-37	1788621088	1788621088021181712	start
vc-goroutine+37	1788621088	1788621088021184918	start
vc-goroutine+37	1788621088	1788621088032355062	complete
bn-goroutine+37	1788621088	1788621088060411173	complete
stats-plus-37	1788621088	1788621090047315788	complete
bn-goroutine+43	1788621094	1788621094019965245	start
stats-plus-43	1788621094	1788621094020074320	start
vc-goroutine+43	1788621094	1788621094020177464	start
vc-goroutine+43	1788621094	1788621094030421079	complete
bn-goroutine+43	1788621094	1788621094052485429	complete
stats-plus-43	1788621094	1788621096042009459	complete
vc-cpu	1788621051	1788621101038427068	complete
bn-cpu	1788621051	1788621101094570217	complete
bn-allocs-after	1788621101	1788621101098192208	start
bn-heap-after	1788621101	1788621101098200684	start
bn-mutex-after	1788621101	1788621101098291524	start
bn-block-after	1788621101	1788621101098412411	start
vc-heap-after	1788621101	1788621101098705542	start
vc-allocs-after	1788621101	1788621101099308424	start
vc-block-after	1788621101	1788621101099409113	start
vc-mutex-after	1788621101	1788621101099494093	start
vc-block-after	1788621101	1788621101107942296	complete
vc-mutex-after	1788621101	1788621101108913149	complete
vc-allocs-after	1788621101	1788621101110350828	complete
vc-heap-after	1788621101	1788621101119216515	complete
bn-allocs-after	1788621101	1788621101478068966	complete
bn-mutex-after	1788621101	1788621101486766888	complete
bn-block-after	1788621101	1788621101486766958	complete
bn-heap-after	1788621101	1788621101486770014	complete
stats-after	1788621101	1788621101488460328	start
stats-after	1788621101	1788621103510993088	complete
capture	1788621101	1788621103512236132	complete
