domain	occurrence	vc_slot	vc_id	bn_id	vc_begin_utc	bn_begin_utc	bn_end_utc	vc_end_utc	rpc_total_ns	prebody_ns	body_ns	postbody_ns	vc_begin_line	vc_end_line	bn_begin_line	bn_end_line
02000000	2	2	18943	63	2026-09-05T15:11:20.107391378Z	2026-09-05T15:11:20.241711156Z	2026-09-05T15:11:20.241714753Z	2026-09-05T15:11:20.24662352Z	139232142	134319778	3597	4908767	40594	40612	999	1000
08000000	2	1	18942	18	2026-09-05T15:11:03.145206137Z	2026-09-05T15:11:03.280458872Z	2026-09-05T15:11:03.280461447Z	2026-09-05T15:11:03.281451356Z	136245219	135252735	2575	989909	39865	39866	429	430
02000000	1	1	18942	20	2026-09-05T15:11:03.284647057Z	2026-09-05T15:11:03.313882375Z	2026-09-05T15:11:03.31388539Z	2026-09-05T15:11:03.315147861Z	30500804	29235318	3015	1262471	39887	39897	445	446
01000000	3	1	18942	21	2026-09-05T15:11:03.315198186Z	2026-09-05T15:11:03.325431151Z	2026-09-05T15:11:03.325434247Z	2026-09-05T15:11:03.326329718Z	11131532	10232965	3096	895471	39968	40073	447	448
07000000	6	2	18943	67	2026-09-05T15:11:20.26862873Z	2026-09-05T15:11:20.279408301Z	2026-09-05T15:11:20.279409814Z	2026-09-05T15:11:20.279624237Z	10995507	10779571	1513	214423	41177	41179	1020	1021
00000000	1	1	18942	24	2026-09-05T15:11:03.986406081Z	2026-09-05T15:11:03.995507191Z	2026-09-05T15:11:03.995510227Z	2026-09-05T15:11:03.997208816Z	10802735	9101110	3036	1698589	40528	40529	518	519
07000000	4	1	18942	30	2026-09-05T15:11:06.005756183Z	2026-09-05T15:11:06.014867813Z	2026-09-05T15:11:06.014870047Z	2026-09-05T15:11:06.015197842Z	9441659	9111630	2234	327795	40540	40541	566	567
02000000	3	3	18944	98	2026-09-05T15:11:31.079165605Z	2026-09-05T15:11:31.087938147Z	2026-09-05T15:11:31.087942475Z	2026-09-05T15:11:31.088252998Z	9087393	8772542	4328	310523	41371	41375	1422	1423
07000000	5	2	18943	65	2026-09-05T15:11:20.260129712Z	2026-09-05T15:11:20.268171892Z	2026-09-05T15:11:20.268174848Z	2026-09-05T15:11:20.268455615Z	8325903	8042180	2956	280767	41151	41163	1010	1011
07000000	7	3	18944	99	2026-09-05T15:11:31.088886919Z	2026-09-05T15:11:31.092533766Z	2026-09-05T15:11:31.092538736Z	2026-09-05T15:11:31.092899283Z	4012364	3646847	4970	360547	41384	41385	1424	1425
06000000	2	1	18942	36	2026-09-05T15:11:09.021111105Z	2026-09-05T15:11:09.024675618Z	2026-09-05T15:11:09.024678994Z	2026-09-05T15:11:09.025064649Z	3953544	3564513	3376	385655	40546	40547	627	628
07000000	8	3	18944	102	2026-09-05T15:11:31.093262434Z	2026-09-05T15:11:31.095838301Z	2026-09-05T15:11:31.095841317Z	2026-09-05T15:11:31.096978131Z	3715697	2575867	3016	1136814	41391	41392	1442	1443
07000000	3	1	18942	28	2026-09-05T15:11:06.003804618Z	2026-09-05T15:11:06.005421815Z	2026-09-05T15:11:06.00542411Z	2026-09-05T15:11:06.005690019Z	1885401	1617197	2295	265909	40534	40536	562	563
07000000	2	0	9539	10	2026-09-05T15:10:52.387377924Z	2026-09-05T15:10:52.38779079Z	2026-09-05T15:10:52.387793044Z	2026-09-05T15:10:52.388503969Z	1126045	412866	2254	710925	26024	26035	369	370
08000000	1	0	9539	5	2026-09-05T15:10:52.348135294Z	2026-09-05T15:10:52.348810101Z	2026-09-05T15:10:52.348816914Z	2026-09-05T15:10:52.348994517Z	859223	674807	6813	177603	24099	24114	347	348
05000000	2	0	4770	3	2026-09-05T15:08:14.587487386Z	2026-09-05T15:08:14.587894541Z	2026-09-05T15:08:14.5878995Z	2026-09-05T15:08:14.588267962Z	780576	407155	4959	368462	10215	10231	46	47
01000000	1	0	9539	7	2026-09-05T15:10:52.364970668Z	2026-09-05T15:10:52.365506394Z	2026-09-05T15:10:52.365512866Z	2026-09-05T15:10:52.365731466Z	760798	535726	6472	218600	24632	24810	363	364
05000000	3	0	14174	13	2026-09-05T15:10:52.501001479Z	2026-09-05T15:10:52.501489365Z	2026-09-05T15:10:52.501498983Z	2026-09-05T15:10:52.501674332Z	672853	487886	9618	175349	30292	30307	387	388
09000000	2	3	18944	109	2026-09-05T15:11:33.002329717Z	2026-09-05T15:11:33.002749785Z	2026-09-05T15:11:33.002752691Z	2026-09-05T15:11:33.002950001Z	620284	420068	2906	197310	41397	41398	1511	1512
07000000	1	0	9539	9	2026-09-05T15:10:52.38608162Z	2026-09-05T15:10:52.386425606Z	2026-09-05T15:10:52.386431647Z	2026-09-05T15:10:52.386609191Z	527571	343986	6041	177544	25991	26000	367	368
09000000	1	2	18943	72	2026-09-05T15:11:21.006940979Z	2026-09-05T15:11:21.007268183Z	2026-09-05T15:11:21.007270768Z	2026-09-05T15:11:21.007456707Z	515728	327204	2585	185939	41186	41187	1061	1062
05000000	1	0	3	1	2026-09-05T15:08:14.224269198Z	2026-09-05T15:08:14.224535448Z	2026-09-05T15:08:14.224547501Z	2026-09-05T15:08:14.224753859Z	484661	266250	12053	206358	669	678	42	43
06000000	1	0	9539	14	2026-09-05T15:10:57.002262073Z	2026-09-05T15:10:57.002456869Z	2026-09-05T15:10:57.002460485Z	2026-09-05T15:10:57.002715925Z	453852	194796	3616	255440	39834	39836	390	391
08000000	3	2	18943	60	2026-09-05T15:11:20.102856984Z	2026-09-05T15:11:20.103076136Z	2026-09-05T15:11:20.10307877Z	2026-09-05T15:11:20.103272775Z	415791	219152	2634	194005	40573	40574	964	965
0c000000	1	0	9539	15	2026-09-05T15:11:00.00217772Z	2026-09-05T15:11:00.002350875Z	2026-09-05T15:11:00.002357127Z	2026-09-05T15:11:00.002535772Z	358052	173155	6252	178645	39842	39844	394	395
01000000	2	0	9539	8	2026-09-05T15:10:52.367531266Z	2026-09-05T15:10:52.367696596Z	2026-09-05T15:10:52.367700263Z	2026-09-05T15:10:52.367860594Z	329328	165330	3667	160331	25153	25165	365	366
0d000000	1	0	64	2	2026-09-05T15:08:14.232685906Z	2026-09-05T15:08:14.232895078Z	2026-09-05T15:08:14.232901671Z	2026-09-05T15:08:14.233009183Z	323277	209172	6593	107512	808	811	44	45
