slot	node	owner_outcome	match_status	fcu_proxy_id	full_payload_id	bn_logged_payload_id	fcu_proxy_duration_ms	fcu_response_timestamp	bn_payload_log_timestamp	response_to_bn_payload_log_ms	same_slot_valid_fcu_count	exact_id_fcu_count	later_exact_id_fcu_count	later_exact_id_fcu_proxy_ids	other_payload_id_fcu_count	getpayload_method	getpayload_proxy_id	getpayload_proxy_duration_ms	getpayload_http_status	getpayload_response_timestamp	getpayload_bn_failure_timestamp	getpayload_response_to_bn_failure_ms	fcu_response_anchor	bn_payload_log_anchor	getpayload_response_anchor	getpayload_bn_failure_anchor
1	169	preflight_DomainData	no_comparable_bn_marker	709	0x0466ae591b684070		4	2026-09-05T01:30:12.167372899Z			1	0	0		1								/tmp/prysm-r2-extra-logs.Rd7MjT/round2-prysm-geth-169.tar.gz::snooper-engine.log:31663			
2	191	preflight	exact_unique_preceding	715	0x044500b8683c0645	0x044500b8683c	1	2026-09-05T01:30:15.023246767Z	2026-09-05T01:30:16.298566991Z	1275.320	2	2	1	717	0								/tmp/prysm-r2-extra-logs.Rd7MjT/round2-prysm-geth-191.tar.gz::snooper-engine.log:31780	/tmp/prysm-r2-extra-logs.Rd7MjT/round2-prysm-geth-191.tar.gz::beacon.log:510		
3	22	preflight	exact_unique_preceding	721	0x0432aab01f008427	0x0432aab01f00	1	2026-09-05T01:30:34.558254582Z	2026-09-05T01:30:39.126161692Z	4567.907	1	1	0		0								/tmp/prysm-r2-extra-logs.Rd7MjT/round2-prysm-geth-22.tar.gz::snooper-engine.log:32015	/tmp/prysm-r2-extra-logs.Rd7MjT/round2-prysm-geth-22.tar.gz::beacon.log:509		
4	91	preflight_DomainData	exact_unique_preceding	717	0x04bbafa057634852	0x04bbafa05763	2	2026-09-05T01:30:44.784302803Z	2026-09-05T01:30:46.014511947Z	1230.209	1	1	0		0								/tmp/prysm-r2-extra-logs.Rd7MjT/round2-prysm-geth-91.tar.gz::snooper-engine.log:31946	/tmp/prysm-r2-extra-logs.Rd7MjT/round2-prysm-geth-91.tar.gz::beacon.log:538		
5	118	getPayload_timeout	exact_unique_preceding	708	0x0489a8a1998c6091	0x0489a8a1998c	2	2026-09-05T01:30:52.342119224Z	2026-09-05T01:30:58.010429458Z	5668.310	1	1	0		0	engine_getPayloadV6	711	3	200	2026-09-05T01:31:10.141752030Z	2026-09-05T01:31:12.011576954Z	1869.824	/tmp/prysm-r2-extra-logs.Rd7MjT/round2-prysm-geth-118.tar.gz::snooper-engine.log:31619	/tmp/prysm-r2-extra-logs.Rd7MjT/round2-prysm-geth-118.tar.gz::beacon.log:522	/tmp/prysm-r2-extra-logs.Rd7MjT/round2-prysm-geth-118.tar.gz::snooper-engine.log:31720	/tmp/prysm-r2-extra-logs.Rd7MjT/round2-prysm-geth-118.tar.gz::beacon.log:527
6	83	getPayload_timeout	exact_unique_preceding	715	0x04343b7fabf2c9b1	0x04343b7fabf2	24	2026-09-05T01:31:06.491206878Z	2026-09-05T01:31:07.247511038Z	756.305	1	1	0		0	engine_getPayloadV6	717	2	200	2026-09-05T01:31:16.148780294Z	2026-09-05T01:31:16.456844982Z	308.064	/tmp/prysm-r2-extra-logs.Rd7MjT/round2-prysm-geth-83.tar.gz::snooper-engine.log:31903	/tmp/prysm-r2-extra-logs.Rd7MjT/round2-prysm-geth-83.tar.gz::beacon.log:540	/tmp/prysm-r2-extra-logs.Rd7MjT/round2-prysm-geth-83.tar.gz::snooper-engine.log:31974	/tmp/prysm-r2-extra-logs.Rd7MjT/round2-prysm-geth-83.tar.gz::beacon.log:545
7	144	preflight	exact_unique_preceding	714	0x04466c2ab3756cf9	0x04466c2ab375	1	2026-09-05T01:31:33.173721229Z	2026-09-05T01:31:33.750881772Z	577.160	1	1	0		0								/tmp/prysm-r2-extra-logs.Rd7MjT/round2-prysm-geth-144.tar.gz::snooper-engine.log:31842	/tmp/prysm-r2-extra-logs.Rd7MjT/round2-prysm-geth-144.tar.gz::beacon.log:516		
8	19	getPayload_timeout	exact_unique_preceding	719	0x047cf571caa4f56d	0x047cf571caa4	1	2026-09-05T01:31:35.334739395Z	2026-09-05T01:31:36.005036850Z	670.297	1	1	0		0	engine_getPayloadV6	721	0	200	2026-09-05T01:31:47.197336360Z	2026-09-05T01:31:48.007748774Z	810.412	/tmp/prysm-r2-extra-logs.Rd7MjT/round2-prysm-geth-19.tar.gz::snooper-engine.log:32041	/tmp/prysm-r2-extra-logs.Rd7MjT/round2-prysm-geth-19.tar.gz::beacon.log:531	/tmp/prysm-r2-extra-logs.Rd7MjT/round2-prysm-geth-19.tar.gz::snooper-engine.log:32112	/tmp/prysm-r2-extra-logs.Rd7MjT/round2-prysm-geth-19.tar.gz::beacon.log:536
9	107	getPayload_timeout	exact_unique_preceding	720	0x042f29fee7c5b342	0x042f29fee7c5	2	2026-09-05T01:31:44.421492928Z	2026-09-05T01:31:46.010211982Z	1588.719	1	1	0		0	engine_getPayloadV6	722	22	200	2026-09-05T01:31:54.131275320Z	2026-09-05T01:31:55.638494096Z	1507.219	/tmp/prysm-r2-extra-logs.Rd7MjT/round2-prysm-geth-107.tar.gz::snooper-engine.log:32129	/tmp/prysm-r2-extra-logs.Rd7MjT/round2-prysm-geth-107.tar.gz::beacon.log:529	/tmp/prysm-r2-extra-logs.Rd7MjT/round2-prysm-geth-107.tar.gz::snooper-engine.log:32201	/tmp/prysm-r2-extra-logs.Rd7MjT/round2-prysm-geth-107.tar.gz::beacon.log:533
10	35	payload_selected_consensus_branch_late	exact_unique_preceding	720	0x04c212ceed626159	0x04c212ceed62	1	2026-09-05T01:32:05.749344277Z	2026-09-05T01:32:10.015749981Z	4266.405	1	1	0		0	engine_getPayloadV6	722	0	200	2026-09-05T01:32:10.313939935Z			/tmp/prysm-r2-extra-logs.Rd7MjT/round2-prysm-geth-35.tar.gz::snooper-engine.log:32121	/tmp/prysm-r2-extra-logs.Rd7MjT/round2-prysm-geth-35.tar.gz::beacon.log:515	/tmp/prysm-r2-extra-logs.Rd7MjT/round2-prysm-geth-35.tar.gz::snooper-engine.log:32192	
11	117	preflight	exact_unique_preceding	714	0x04d95e501ce5d4ad	0x04d95e501ce5	2	2026-09-05T01:32:07.469530068Z	2026-09-05T01:32:07.503494698Z	33.964	1	1	0		0								/tmp/prysm-r2-extra-logs.Rd7MjT/round2-prysm-geth-117.tar.gz::snooper-engine.log:31911	/tmp/prysm-r2-extra-logs.Rd7MjT/round2-prysm-geth-117.tar.gz::beacon.log:527		
12	14	preflight	exact_unique_preceding	717	0x0412d190ebb3b12c	0x0412d190ebb3	1	2026-09-05T01:32:49.767493817Z	2026-09-05T01:32:51.250282623Z	1482.789	1	1	0		0								/tmp/prysm-r2-extra-logs.Rd7MjT/round2-prysm-geth-14.tar.gz::snooper-engine.log:32022	/tmp/prysm-r2-extra-logs.Rd7MjT/round2-prysm-geth-14.tar.gz::beacon.log:518		
13	20	parent_state	exact_unique_preceding	721	0x0487fed9122584fe	0x0487fed91225	1	2026-09-05T01:32:42.085875827Z	2026-09-05T01:32:46.342761692Z	4256.886	1	1	0		0								/tmp/prysm-r2-extra-logs.Rd7MjT/round2-prysm-geth-20.tar.gz::snooper-engine.log:32172	/tmp/prysm-r2-extra-logs.Rd7MjT/round2-prysm-geth-20.tar.gz::beacon.log:530		
14	85	payload_selected_consensus_branch_late	exact_unique_preceding	724	0x0478efe32a8af6aa	0x0478efe32a8a	1	2026-09-05T01:32:42.105620575Z	2026-09-05T01:32:44.523928605Z	2418.308	1	1	0		0	engine_getPayloadV6	725	1	200	2026-09-05T01:32:50.741631232Z			/tmp/prysm-r2-extra-logs.Rd7MjT/round2-prysm-geth-85.tar.gz::snooper-engine.log:32293	/tmp/prysm-r2-extra-logs.Rd7MjT/round2-prysm-geth-85.tar.gz::beacon.log:542	/tmp/prysm-r2-extra-logs.Rd7MjT/round2-prysm-geth-85.tar.gz::snooper-engine.log:32317	
15	32	success	exact_unique_preceding	725	0x04e83afd518b4118	0x04e83afd518b	1	2026-09-05T01:32:51.038746037Z	2026-09-05T01:32:51.040527444Z	1.781	1	1	0		0	engine_getPayloadV6	727	1	200	2026-09-05T01:33:00.015513719Z			/tmp/prysm-r2-extra-logs.Rd7MjT/round2-prysm-geth-32.tar.gz::snooper-engine.log:32324	/tmp/prysm-r2-extra-logs.Rd7MjT/round2-prysm-geth-32.tar.gz::beacon.log:530	/tmp/prysm-r2-extra-logs.Rd7MjT/round2-prysm-geth-32.tar.gz::snooper-engine.log:32396	
16	76	success	exact_unique_preceding	724	0x04b55ca6c261714b	0x04b55ca6c261	1	2026-09-05T01:33:03.077737735Z	2026-09-05T01:33:03.078126141Z	0.389	3	2	1	730	1	engine_getPayloadV6	731	0	200	2026-09-05T01:33:12.697333221Z			/tmp/prysm-r2-extra-logs.Rd7MjT/round2-prysm-geth-76.tar.gz::snooper-engine.log:32283	/tmp/prysm-r2-extra-logs.Rd7MjT/round2-prysm-geth-76.tar.gz::beacon.log:561	/tmp/prysm-r2-extra-logs.Rd7MjT/round2-prysm-geth-76.tar.gz::snooper-engine.log:32542	
