observer	genesis_offset_bin_start_s	genesis_offset_bin_end_s	eventual_accepted_cohort_entries	accepted_log_endpoints	cumulative_entries	cumulative_accepted_log_endpoints
201	10	11	0	0	0	0
201	11	12	0	0	0	0
201	12	13	146	17	146	17
201	13	14	136	0	282	17
201	14	15	67	11	349	28
201	15	16	184	5	533	33
201	16	17	335	0	868	33
201	17	18	48	0	916	33
201	18	19	102	0	1018	33
201	19	20	108	0	1126	33
201	20	21	0	0	1126	33
201	21	22	90	0	1216	33
201	22	23	25	1	1241	34
201	23	24	85	123	1326	157
201	24	25	102	0	1428	157
201	25	26	99	0	1527	157
400	10	11	0	0	0	0
400	11	12	0	0	0	0
400	12	13	73	43	73	43
400	13	14	84	62	157	105
400	14	15	129	88	286	193
400	15	16	220	26	506	219
400	16	17	43	8	549	227
400	17	18	169	1	718	228
400	18	19	30	13	748	241
400	19	20	110	0	858	241
400	20	21	45	0	903	241
400	21	22	116	0	1019	241
400	22	23	122	118	1141	359
400	23	24	57	2	1198	361
400	24	25	140	284	1338	645
400	25	26	270	184	1608	829
500	10	11	0	0	0	0
500	11	12	0	0	0	0
500	12	13	0	0	0	0
500	13	14	0	0	0	0
500	14	15	0	0	0	0
500	15	16	0	0	0	0
500	16	17	0	0	0	0
500	17	18	0	0	0	0
500	18	19	0	0	0	0
500	19	20	0	0	0	0
500	20	21	0	0	0	0
500	21	22	0	0	0	0
500	22	23	0	0	0	0
500	23	24	0	0	0	0
500	24	25	0	0	0	0
500	25	26	0	0	0	0
