phase	trace_ns	wall_unix_nano	from_invoke_ms	from_previous_ms	provenance
server_reader_wake	277057483265664	1788705938356722661	-144.206637		parsed_lines=3100276-3100276
client_invoke	277057627472301	1788705938500929298	0.000000	144.206637	client.jsonl
server_reader_running	277057913732096	1788705938787189093	286.259795	286.259795	parsed_lines=3119488-3119488
loopy_writer_wake	277057913756928	1788705938787213925	286.284627	0.024832	parsed_lines=3119559-3119575
handler_created	277057913805696	1788705938787262693	286.333395	0.048768	parsed_lines=3119577-3119593
handler_running	277057913817728	1788705938787274725	286.345427	0.012032	parsed_lines=3119717-3119717
server_admission	277057913846048	1788705938787303045	286.373747	0.028320	server.jsonl
server_handler_return	277057913851388	1788705938787308385	286.379087	0.005340	server.jsonl
handler_exit	277057913865856	1788705938787322853	286.393555	0.014468	parsed_lines=3119718-3119718
loopy_writer_running	277058141273856	1788705939014730853	513.801555	227.408000	parsed_lines=3139570-3139570
loopy_writer_gosched	277058141410688	1788705939014867685	513.938387	0.136832	parsed_lines=3139571-3139587
loopy_writer_resumed	277058477457408	1788705939350914405	849.985107	336.046720	parsed_lines=3543636-3543636
response_write_start	277058477466176	1788705939350923173	849.993875	0.008768	parsed_lines=3543637-3543681
response_write_end	277058477522752	1788705939350979749	850.050451	0.056576	parsed_lines=3543682-3543682
client_return	277058477689297	1788705939351146294	850.216996	0.166545	client.jsonl
server_reader_next_wake	277058487285376	1788705939360742373	859.813075	9.596079	parsed_lines=3544742-3544742
