ref	cls	field	actor	go	time	change	reason
# parsed_lines=5753-5797	copy	validators	348	348	277054184513088	Running->Waiting	sync
# parsed_lines=6079-6101	copy	validators	348	4590	277054184526784	Waiting->Runnable	
# parsed_lines=6102-6124	copy	validators	348	4915	277054184527488	Waiting->Runnable	
# parsed_lines=6125-6147	copy	validators	348	4894	277054184528064	Waiting->Runnable	
# parsed_lines=14904-14964	copy	validators	4591	4591	277054186625664	Running->Waiting	sync
# parsed_lines=15222-15252	copy	validators	4591	4930	277054186638272	Waiting->Runnable	
# parsed_lines=15253-15283	copy	validators	4591	4590	277054186639104	Waiting->Runnable	
# parsed_lines=1031405-1031425	finalizer	validators	6	6	277054661840512	Running->Waiting	sync
# parsed_lines=1047650-1047660	finalizer	validators	6	4970	277054662602688	Waiting->Runnable	
# parsed_lines=1047661-1047671	finalizer	validators	6	4971	277054662603136	Waiting->Runnable	
# parsed_lines=1047672-1047682	finalizer	validators	6	4972	277054662603456	Waiting->Runnable	
# parsed_lines=1047683-1047693	finalizer	validators	6	4973	277054662603968	Waiting->Runnable	
# parsed_lines=1047694-1047704	finalizer	validators	6	4974	277054662604416	Waiting->Runnable	
# parsed_lines=1047705-1047715	finalizer	validators	6	4975	277054662604800	Waiting->Runnable	
# parsed_lines=1047716-1047726	finalizer	validators	6	4976	277054662605184	Waiting->Runnable	
# parsed_lines=1047727-1047737	finalizer	validators	6	4977	277054662605568	Waiting->Runnable	
# parsed_lines=1047795-1047805	finalizer	validators	6	4978	277054662605952	Waiting->Runnable	
# parsed_lines=1047807-1047817	finalizer	validators	6	4979	277054662606272	Waiting->Runnable	
# parsed_lines=1047818-1047828	finalizer	validators	6	4980	277054662606528	Waiting->Runnable	
# parsed_lines=1047830-1047840	finalizer	validators	6	4981	277054662606976	Waiting->Runnable	
# parsed_lines=1047841-1047851	finalizer	validators	6	4982	277054662607168	Waiting->Runnable	
# parsed_lines=1047876-1047886	finalizer	validators	6	4983	277054662607553	Waiting->Runnable	
# parsed_lines=1047888-1047898	finalizer	validators	6	5019	277054662607872	Waiting->Runnable	
# parsed_lines=1047899-1047909	finalizer	validators	6	5033	277054662608192	Waiting->Runnable	
# parsed_lines=1047910-1047920	finalizer	validators	6	5034	277054662608576	Waiting->Runnable	
# parsed_lines=1047921-1047931	finalizer	validators	6	5035	277054662608832	Waiting->Runnable	
# parsed_lines=1047932-1047942	finalizer	validators	6	5036	277054662609088	Waiting->Runnable	
# parsed_lines=1047943-1047953	finalizer	validators	6	5037	277054662609344	Waiting->Runnable	
# parsed_lines=1047954-1047964	finalizer	validators	6	5038	277054662609536	Waiting->Runnable	
# parsed_lines=1047965-1047975	finalizer	validators	6	5039	277054662609792	Waiting->Runnable	
# parsed_lines=1047976-1047986	finalizer	validators	6	5040	277054662610176	Waiting->Runnable	
# parsed_lines=1047987-1047997	finalizer	validators	6	5041	277054662610432	Waiting->Runnable	
# parsed_lines=1047998-1048008	finalizer	validators	6	5042	277054662610624	Waiting->Runnable	
# parsed_lines=1048009-1048019	finalizer	validators	6	5043	277054662610880	Waiting->Runnable	
# parsed_lines=1048020-1048030	finalizer	validators	6	5044	277054662611136	Waiting->Runnable	
# parsed_lines=1048031-1048041	finalizer	validators	6	5045	277054662611456	Waiting->Runnable	
# parsed_lines=1048042-1048052	finalizer	validators	6	5046	277054662611840	Waiting->Runnable	
# parsed_lines=1048053-1048063	finalizer	validators	6	5047	277054662612096	Waiting->Runnable	
# parsed_lines=1048064-1048074	finalizer	validators	6	5000	277054662612544	Waiting->Runnable	
# parsed_lines=1048075-1048085	finalizer	validators	6	5001	277054662612800	Waiting->Runnable	
# parsed_lines=1048086-1048096	finalizer	validators	6	5002	277054662613120	Waiting->Runnable	
# parsed_lines=1048097-1048107	finalizer	validators	6	5003	277054662613376	Waiting->Runnable	
# parsed_lines=1048108-1048118	finalizer	validators	6	5004	277054662613632	Waiting->Runnable	
# parsed_lines=1048119-1048129	finalizer	validators	6	5005	277054662613888	Waiting->Runnable	
# parsed_lines=1048130-1048140	finalizer	validators	6	5006	277054662614208	Waiting->Runnable	
# parsed_lines=1048141-1048151	finalizer	validators	6	5007	277054662614464	Waiting->Runnable	
# parsed_lines=1048152-1048162	finalizer	validators	6	5008	277054662614656	Waiting->Runnable	
# parsed_lines=1048163-1048173	finalizer	validators	6	5009	277054662614912	Waiting->Runnable	
# parsed_lines=1048174-1048184	finalizer	validators	6	5010	277054662615104	Waiting->Runnable	
# parsed_lines=1048185-1048195	finalizer	validators	6	5011	277054662615360	Waiting->Runnable	
# parsed_lines=1048196-1048206	finalizer	validators	6	5012	277054662615552	Waiting->Runnable	
# parsed_lines=1048207-1048217	finalizer	validators	6	5013	277054662615744	Waiting->Runnable	
# parsed_lines=1048218-1048228	finalizer	validators	6	5014	277054662616000	Waiting->Runnable	
# parsed_lines=1048229-1048239	finalizer	validators	6	5015	277054662616256	Waiting->Runnable	
# parsed_lines=1048240-1048250	finalizer	validators	6	5016	277054662616512	Waiting->Runnable	
# parsed_lines=1048251-1048261	finalizer	validators	6	5017	277054662616704	Waiting->Runnable	
# parsed_lines=1048262-1048272	finalizer	validators	6	5048	277054662617088	Waiting->Runnable	
# parsed_lines=1048273-1048283	finalizer	validators	6	5020	277054662617344	Waiting->Runnable	
# parsed_lines=1048284-1048294	finalizer	validators	6	5021	277054662617664	Waiting->Runnable	
# parsed_lines=1048295-1048305	finalizer	validators	6	5022	277054662617856	Waiting->Runnable	
# parsed_lines=1048306-1048316	finalizer	validators	6	5023	277054662618240	Waiting->Runnable	
# parsed_lines=1048317-1048327	finalizer	validators	6	5024	277054662618560	Waiting->Runnable	
# parsed_lines=1048371-1048381	finalizer	validators	6	5025	277054662618752	Waiting->Runnable	
# parsed_lines=1048382-1048392	finalizer	validators	6	5026	277054662619008	Waiting->Runnable	
# parsed_lines=1048395-1048405	finalizer	validators	6	5027	277054662619264	Waiting->Runnable	
# parsed_lines=1048406-1048416	finalizer	validators	6	5028	277054662619520	Waiting->Runnable	
# parsed_lines=1048417-1048427	finalizer	validators	6	5029	277054662619712	Waiting->Runnable	
# parsed_lines=1048487-1048497	finalizer	validators	6	5030	277054662620033	Waiting->Runnable	
# parsed_lines=1048498-1048508	finalizer	validators	6	5031	277054662620416	Waiting->Runnable	
# parsed_lines=1048509-1048519	finalizer	validators	6	5032	277054662620608	Waiting->Runnable	
# parsed_lines=1048520-1048530	finalizer	validators	6	5084	277054662620864	Waiting->Runnable	
# parsed_lines=1048531-1048541	finalizer	validators	6	5085	277054662621184	Waiting->Runnable	
# parsed_lines=1048542-1048552	finalizer	validators	6	5118	277054662621440	Waiting->Runnable	
# parsed_lines=1048553-1048563	finalizer	validators	6	5119	277054662621696	Waiting->Runnable	
# parsed_lines=1048564-1048574	finalizer	validators	6	5120	277054662622016	Waiting->Runnable	
# parsed_lines=1048618-1048628	finalizer	validators	6	5121	277054662622208	Waiting->Runnable	
# parsed_lines=1048643-1048653	finalizer	validators	6	5122	277054662622464	Waiting->Runnable	
# parsed_lines=1048655-1048665	finalizer	validators	6	5123	277054662622656	Waiting->Runnable	
# parsed_lines=1048666-1048676	finalizer	validators	6	5124	277054662622976	Waiting->Runnable	
# parsed_lines=1048677-1048687	finalizer	validators	6	5125	277054662623232	Waiting->Runnable	
# parsed_lines=1048688-1048698	finalizer	validators	6	5126	277054662623424	Waiting->Runnable	
# parsed_lines=1048699-1048709	finalizer	validators	6	5127	277054662623680	Waiting->Runnable	
# parsed_lines=1048710-1048720	finalizer	validators	6	5128	277054662623936	Waiting->Runnable	
# parsed_lines=1048721-1048731	finalizer	validators	6	5129	277054662624128	Waiting->Runnable	
# parsed_lines=1048732-1048742	finalizer	validators	6	5130	277054662624384	Waiting->Runnable	
# parsed_lines=1048743-1048753	finalizer	validators	6	5131	277054662624704	Waiting->Runnable	
# parsed_lines=1048754-1048764	finalizer	validators	6	5132	277054662625024	Waiting->Runnable	
# parsed_lines=1048822-1048832	finalizer	validators	6	5050	277054662625344	Waiting->Runnable	
# parsed_lines=1048833-1048843	finalizer	validators	6	5051	277054662625600	Waiting->Runnable	
# parsed_lines=1048844-1048854	finalizer	validators	6	5052	277054662625920	Waiting->Runnable	
# parsed_lines=1048855-1048865	finalizer	validators	6	5053	277054662626112	Waiting->Runnable	
# parsed_lines=1048866-1048876	finalizer	validators	6	5054	277054662626368	Waiting->Runnable	
# parsed_lines=1048877-1048887	finalizer	validators	6	5055	277054662626624	Waiting->Runnable	
# parsed_lines=1048890-1048900	finalizer	validators	6	5056	277054662626816	Waiting->Runnable	
# parsed_lines=1048901-1048911	finalizer	validators	6	5057	277054662627072	Waiting->Runnable	
# parsed_lines=1048913-1048923	finalizer	validators	6	5074	277054662627328	Waiting->Runnable	
# parsed_lines=1048924-1048934	finalizer	validators	6	5075	277054662627712	Waiting->Runnable	
# parsed_lines=1048935-1048945	finalizer	validators	6	5076	277054662627968	Waiting->Runnable	
# parsed_lines=1048946-1048956	finalizer	validators	6	5077	277054662628352	Waiting->Runnable	
# parsed_lines=1048957-1048967	finalizer	validators	6	4966	277054662628672	Waiting->Runnable	
# parsed_lines=1048968-1048978	finalizer	validators	6	4967	277054662628864	Waiting->Runnable	
# parsed_lines=1048979-1048989	finalizer	validators	6	5078	277054662629120	Waiting->Runnable	
# parsed_lines=1048990-1049000	finalizer	validators	6	5079	277054662629376	Waiting->Runnable	
# parsed_lines=1049016-1049026	finalizer	validators	6	5080	277054662629568	Waiting->Runnable	
# parsed_lines=1049027-1049037	finalizer	validators	6	5081	277054662629824	Waiting->Runnable	
# parsed_lines=1049039-1049049	finalizer	validators	6	5082	277054662630016	Waiting->Runnable	
# parsed_lines=1049050-1049060	finalizer	validators	6	5083	277054662630272	Waiting->Runnable	
# parsed_lines=1049061-1049071	finalizer	validators	6	5133	277054662630528	Waiting->Runnable	
# parsed_lines=1049072-1049082	finalizer	validators	6	4968	277054662630784	Waiting->Runnable	
# parsed_lines=3604964-3604974	finalizer	validators	6	5628	277059014573632	Waiting->Runnable	
# parsed_lines=3604975-3604985	finalizer	validators	6	5627	277059014575552	Waiting->Runnable	
# parsed_lines=3605302-3605312	finalizer	validators	6	5456	277059015042624	Waiting->Runnable	
# parsed_lines=3605313-3605333	finalizer	validators	6	6	277059015092224	Running->Waiting	sync
# parsed_lines=3605716-3605726	finalizer	validators	6	5627	277059015118144	Waiting->Runnable	
# parsed_lines=3605727-3605737	finalizer	validators	6	5628	277059015118592	Waiting->Runnable	
# parsed_lines=3605738-3605748	finalizer	validators	6	5454	277059015119424	Waiting->Runnable	
# parsed_lines=3605749-3605759	finalizer	validators	6	5629	277059015119808	Waiting->Runnable	
