go	checkpoint_release	next_waiter	len_park	release_to_park_ns	checkpoint_release_ref
4970	277054661631168	4971	277054661832192	201024	1031100-1031128
4971	277054661839040	4972	277054661845568	6528	1031376-1031404
4972	277054661849088	4973	277054661852736	3648	1031525-1031553
4973	277054661856128	4974	277054661859520	3392	1031622-1031650
4974	277054661862784	4975	277054661865792	3008	1031719-1031747
4975	277054661869184	4976	277054661872576	3392	1031830-1031858
4976	277054661876160	4977	277054661880384	4224	1031945-1031973
4977	277054661884160	4978	277054661888256	4096	1032129-1032157
4978	277054661891648	4979	277054661894528	2880	1032346-1032374
4979	277054661898112	4980	277054661901440	3328	1032509-1032537
4980	277054661905024	4981	277054661908032	3008	1032709-1032737
4981	277054661911680	4982	277054661915520	3840	1032880-1032908
4982	277054661918848	4983	277054661921856	3008	1033047-1033075
4983	277054661925185	5019	277054661928256	3071	1033224-1033252
5019	277054661931520	5033	277054661934912	3392	1033376-1033404
5033	277054661938625	5034	277054661941824	3199	1033694-1033722
5034	277054661945216	5035	277054661948160	2944	1033959-1033987
5035	277054661951424	5036	277054661954368	2944	1034064-1034092
5036	277054661957376	5037	277054661960320	2944	1034226-1034254
5037	277054661963584	5038	277054661966400	2816	1034433-1034461
5038	277054661969920	5039	277054661972992	3072	1034552-1034580
5039	277054661976192	5040	277054661979712	3520	1034703-1034731
5040	277054661982400	5041	277054661985408	3008	1034805-1034833
5041	277054661988608	5042	277054661992128	3520	1034932-1034960
5042	277054661995200	5043	277054661998144	2944	1035083-1035111
5043	277054662000768	5044	277054662003520	2752	1035282-1035310
5044	277054662006912	5045	277054662009792	2880	1035422-1035450
5045	277054662012800	5046	277054662016832	4032	1035652-1035680
5046	277054662020160	5047	277054662023040	2880	1035848-1035876
5047	277054662026112	5000	277054662029376	3264	1036033-1036061
5000	277054662032640	5001	277054662036032	3392	1036186-1036214
5001	277054662038849	5002	277054662041920	3071	1036339-1036367
5002	277054662045120	5003	277054662050048	4928	1036483-1036511
5003	277054662052864	5004	277054662055872	3008	1036680-1036708
5004	277054662058816	5005	277054662061632	2816	1036801-1036829
5005	277054662064192	5006	277054662067072	2880	1036923-1036951
5006	277054662070208	5007	277054662072960	2752	1037146-1037174
5007	277054662076096	5008	277054662079040	2944	1037241-1037269
5008	277054662082048	5009	277054662085120	3072	1037437-1037465
5009	277054662088000	5010	277054662094272	6272	1037533-1037561
5010	277054662097728	5011	277054662100736	3008	1037808-1037836
5011	277054662104000	5012	277054662110016	6016	1037903-1037931
5012	277054662115968	5013	277054662118976	3008	1038176-1038204
5013	277054662122240	5014	277054662125248	3008	1038354-1038382
5014	277054662128512	5015	277054662133568	5056	1038449-1038477
5015	277054662137984	5016	277054662141248	3264	1038747-1038775
5016	277054662145088	5017	277054662147968	2880	1038900-1038928
5017	277054662153024	5048	277054662156160	3136	1039054-1039082
5048	277054662159616	5020	277054662162816	3200	1039199-1039227
5020	277054662166208	5021	277054662169024	2816	1039352-1039380
5021	277054662171776	5022	277054662174784	3008	1039506-1039534
5022	277054662177856	5023	277054662180864	3008	1039651-1039679
5023	277054662183872	5024	277054662186752	2880	1039804-1039832
5024	277054662189504	5025	277054662192384	2880	1039900-1039928
5025	277054662195456	5026	277054662198144	2688	1040103-1040131
5026	277054662201088	5027	277054662207104	6016	1040199-1040227
5027	277054662211649	5028	277054662216448	4799	1040554-1040582
5028	277054662222272	5029	277054662232512	10240	1040650-1040678
5029	277054662246208	5030	277054662253504	7296	1041044-1041072
5030	277054662260736	5031	277054662265152	4416	1041203-1041231
5031	277054662269184	5032	277054662273920	4736	1041405-1041433
5032	277054662277760	5084	277054662282432	4672	1041559-1041587
5084	277054662289152	5085	277054662312320	23168	1041747-1041775
5085	277054662316800	5118	277054662321536	4736	1041900-1041928
5118	277054662325888	5119	277054662330752	4864	1042141-1042169
5119	277054662336320	5120	277054662341568	5248	1042318-1042346
5120	277054662345600	5121	277054662350976	5376	1042485-1042513
5121	277054662355712	5122	277054662360896	5184	1042679-1042707
5122	277054662365312	5123	277054662370432	5120	1042836-1042864
5123	277054662374400	5124	277054662380417	6017	1042971-1042999
5124	277054662385281	5125	277054662390272	4991	1043279-1043307
5125	277054662398592	5126	277054662403136	4544	1043492-1043520
5126	277054662406592	5127	277054662409920	3328	1043619-1043647
5127	277054662413120	5128	277054662418816	5696	1043728-1043756
5128	277054662424640	5129	277054662429632	4992	1043912-1043940
5129	277054662435840	5130	277054662440896	5056	1044058-1044086
5130	277054662445440	5131	277054662448320	2880	1044176-1044204
5131	277054662451456	5132	277054662454720	3264	1044329-1044357
5132	277054662458432	5050	277054662462656	4224	1044506-1044534
5050	277054662465664	5051	277054662468800	3136	1044629-1044657
5051	277054662471744	5052	277054662476096	4352	1044751-1044779
5052	277054662479232	5053	277054662482240	3008	1044969-1044997
5053	277054662485120	5054	277054662488256	3136	1045090-1045118
5054	277054662491392	5055	277054662494464	3072	1045241-1045269
5055	277054662497536	5056	277054662500608	3072	1045381-1045409
5056	277054662503808	5057	277054662507072	3264	1045504-1045532
5057	277054662510016	5074	277054662513152	3136	1045613-1045641
5074	277054662516416	5075	277054662519552	3136	1045742-1045770
5075	277054662522752	5076	277054662525696	2944	1045874-1045902
5076	277054662530816	5077	277054662536768	5952	1046036-1046064
5077	277054662544256	5078	277054662549056	4800	1046242-1046270
5078	277054662557056	5079	277054662560001	2945	1046405-1046433
5079	277054662563456	5080	277054662566144	2688	1046608-1046636
5080	277054662569408	5081	277054662573888	4480	1046739-1046767
5081	277054662577728	5082	277054662580416	2688	1046937-1046965
5082	277054662583296	5083	277054662586432	3136	1047076-1047104
5083	277054662589824	5133	277054662592640	2816	1047266-1047294
5133	277054662595776	5152	277054662599424	3648	1047424-1047452
