reader_after_invocation	Count	5476	0	277057635339520	# parsed_lines=3106418-3106482 reasons=probe14_window	M=3072837 P=0 G=5476 StateTransition Time=277057635339520 GoID=5476 Running->Runnable Reason="preempted"
reader_after_invocation	Count	5397	1	277057635370432	# parsed_lines=3106484-3106548 reasons=probe14_window	M=3072845 P=1 G=5397 StateTransition Time=277057635370432 GoID=5397 Running->Runnable Reason="preempted"
reader_after_invocation	Count	5494	0	277057645439872	# parsed_lines=3106580-3106644 reasons=probe14_window	M=3072837 P=0 G=5494 StateTransition Time=277057645439872 GoID=5494 Running->Runnable Reason="preempted"
reader_after_invocation	Count	5380	2	277057645467712	# parsed_lines=3106646-3106706 reasons=probe14_window	M=3072841 P=2 G=5380 StateTransition Time=277057645467712 GoID=5380 Running->Runnable Reason="preempted"
reader_after_invocation	Count	5356	3	277057645473536	# parsed_lines=3106707-3106775 reasons=probe14_window	M=3072840 P=3 G=5356 StateTransition Time=277057645473536 GoID=5356 Running->Runnable Reason="preempted"
reader_after_invocation	Count	5495	0	277057655618176	# parsed_lines=3107151-3107211 reasons=probe14_window	M=3072837 P=0 G=5495 StateTransition Time=277057655618176 GoID=5495 Running->Runnable Reason="preempted"
reader_after_invocation	Count	5398	1	277057655696832	# parsed_lines=3107213-3107273 reasons=probe14_window	M=3072845 P=1 G=5398 StateTransition Time=277057655696832 GoID=5398 Running->Runnable Reason="preempted"
reader_after_invocation	Count	5496	0	277057665778880	# parsed_lines=3107447-3107511 reasons=probe14_window	M=3072837 P=0 G=5496 StateTransition Time=277057665778880 GoID=5496 Running->Runnable Reason="preempted"
reader_after_invocation	Count	5432	3	277057665809344	# parsed_lines=3107513-3107573 reasons=probe14_window	M=3072840 P=3 G=5432 StateTransition Time=277057665809344 GoID=5432 Running->Runnable Reason="preempted"
reader_after_invocation	Count	5497	0	277057675909184	# parsed_lines=3107747-3107811 reasons=probe14_window	M=3072837 P=0 G=5497 StateTransition Time=277057675909184 GoID=5497 Running->Runnable Reason="preempted"
reader_after_invocation	Count	5239	1	277057675962624	# parsed_lines=3107813-3107877 reasons=probe14_window	M=3072845 P=1 G=5239 StateTransition Time=277057675962624 GoID=5239 Running->Runnable Reason="preempted"
reader_after_invocation	Count	5498	0	277057686015808	# parsed_lines=3107909-3107973 reasons=probe14_window	M=3072837 P=0 G=5498 StateTransition Time=277057686015808 GoID=5498 Running->Runnable Reason="preempted"
reader_after_invocation	Count	5445	2	277057686022848	# parsed_lines=3107974-3108038 reasons=probe14_window	M=3072841 P=2 G=5445 StateTransition Time=277057686022848 GoID=5445 Running->Runnable Reason="preempted"
reader_after_invocation	Count	5433	3	277057686043264	# parsed_lines=3108041-3108105 reasons=probe14_window	M=3072840 P=3 G=5433 StateTransition Time=277057686043264 GoID=5433 Running->Runnable Reason="preempted"
reader_after_invocation	Count	5499	0	277057696140288	# parsed_lines=3108302-3108366 reasons=probe14_window	M=3072837 P=0 G=5499 StateTransition Time=277057696140288 GoID=5499 Running->Runnable Reason="preempted"
reader_after_invocation	Count	5240	1	277057696171328	# parsed_lines=3108368-3108432 reasons=probe14_window	M=3072845 P=1 G=5240 StateTransition Time=277057696171328 GoID=5240 Running->Runnable Reason="preempted"
reader_after_invocation	Count	5500	0	277057706262976	# parsed_lines=3108605-3108669 reasons=probe14_window	M=3072837 P=0 G=5500 StateTransition Time=277057706262976 GoID=5500 Running->Runnable Reason="preempted"
reader_after_invocation	Count	4944	3	277057706339264	# parsed_lines=3108701-3108765 reasons=probe14_window	M=3072840 P=3 G=4944 StateTransition Time=277057706339264 GoID=4944 Running->Runnable Reason="preempted"
reader_after_invocation	Count	5501	0	277057716417984	# parsed_lines=3108909-3108973 reasons=probe14_window	M=3072837 P=0 G=5501 StateTransition Time=277057716417984 GoID=5501 Running->Runnable Reason="preempted"
reader_after_invocation	Count	5241	1	277057716434880	# parsed_lines=3108975-3109035 reasons=probe14_window	M=3072845 P=1 G=5241 StateTransition Time=277057716434880 GoID=5241 Running->Runnable Reason="preempted"
reader_after_invocation	Count	5502	0	277057726584576	# parsed_lines=3109208-3109268 reasons=probe14_window	M=3072837 P=0 G=5502 StateTransition Time=277057726584576 GoID=5502 Running->Runnable Reason="preempted"
reader_after_invocation	Count	5411	2	277057726592832	# parsed_lines=3109270-3109334 reasons=probe14_window	M=3072841 P=2 G=5411 StateTransition Time=277057726592832 GoID=5411 Running->Runnable Reason="preempted"
reader_after_invocation	Count	5503	0	277057736668800	# parsed_lines=3109508-3109572 reasons=probe14_window	M=3072837 P=0 G=5503 StateTransition Time=277057736668800 GoID=5503 Running->Runnable Reason="preempted"
reader_after_invocation	Count	5434	3	277057736689472	# parsed_lines=3109574-3109634 reasons=probe14_window	M=3072840 P=3 G=5434 StateTransition Time=277057736689472 GoID=5434 Running->Runnable Reason="preempted"
reader_after_invocation	Count	5242	1	277057736699008	# parsed_lines=3109635-3109699 reasons=probe14_window	M=3072845 P=1 G=5242 StateTransition Time=277057736699008 GoID=5242 Running->Runnable Reason="preempted"
reader_after_invocation	Count	5504	0	277057746808512	# parsed_lines=3109732-3109796 reasons=probe14_window	M=3072837 P=0 G=5504 StateTransition Time=277057746808512 GoID=5504 Running->Runnable Reason="preempted"
reader_after_invocation	Count	5477	2	277057746823680	# parsed_lines=3109798-3109858 reasons=probe14_window	M=3072841 P=2 G=5477 StateTransition Time=277057746823680 GoID=5477 Running->Runnable Reason="preempted"
reader_after_invocation	Count	5505	0	277057756909952	# parsed_lines=3109909-3109973 reasons=probe14_window	M=3072837 P=0 G=5505 StateTransition Time=277057756909952 GoID=5505 Running->Runnable Reason="preempted"
reader_after_invocation	Count	5243	1	277057756924096	# parsed_lines=3109975-3110039 reasons=probe14_window	M=3072845 P=1 G=5243 StateTransition Time=277057756924096 GoID=5243 Running->Runnable Reason="preempted"
reader_after_invocation	Count	5407	3	277057756966784	# parsed_lines=3110041-3110105 reasons=probe14_window	M=3072840 P=3 G=5407 StateTransition Time=277057756966784 GoID=5407 Running->Runnable Reason="preempted"
reader_after_invocation	Count	5506	0	277057767017152	# parsed_lines=3110563-3110623 reasons=probe14_window	M=3072837 P=0 G=5506 StateTransition Time=277057767017152 GoID=5506 Running->Runnable Reason="preempted"
reader_after_invocation	Count	5508	0	277057777095616	# parsed_lines=3111066-3111130 reasons=probe14_window	M=3072837 P=0 G=5508 StateTransition Time=277057777095616 GoID=5508 Running->Runnable Reason="preempted"
reader_after_invocation	Count	5244	1	277057777119680	# parsed_lines=3111162-3111226 reasons=probe14_window	M=3072845 P=1 G=5244 StateTransition Time=277057777119680 GoID=5244 Running->Runnable Reason="preempted"
reader_after_invocation	Count	5509	0	277057787216768	# parsed_lines=3111228-3111288 reasons=probe14_window	M=3072837 P=0 G=5509 StateTransition Time=277057787216768 GoID=5509 Running->Runnable Reason="preempted"
reader_after_invocation	Count	5245	2	277057787233728	# parsed_lines=3111291-3111355 reasons=probe14_window	M=3072841 P=2 G=5245 StateTransition Time=277057787233728 GoID=5245 Running->Runnable Reason="preempted"
reader_after_invocation	Count	5425	3	277057787252480	# parsed_lines=3111386-3111450 reasons=probe14_window	M=3072840 P=3 G=5425 StateTransition Time=277057787252480 GoID=5425 Running->Runnable Reason="preempted"
reader_after_invocation	Count	5492	0	277057797355456	# parsed_lines=3111585-3111649 reasons=probe14_window	M=3072837 P=0 G=5492 StateTransition Time=277057797355456 GoID=5492 Running->Runnable Reason="preempted"
reader_after_invocation	Count	5246	1	277057797384640	# parsed_lines=3111651-3111715 reasons=probe14_window	M=3072845 P=1 G=5246 StateTransition Time=277057797384640 GoID=5246 Running->Runnable Reason="preempted"
reader_after_invocation	Count	5493	0	277057807489920	# parsed_lines=3111889-3111953 reasons=probe14_window	M=3072837 P=0 G=5493 StateTransition Time=277057807489920 GoID=5493 Running->Runnable Reason="preempted"
reader_after_invocation	Count	5442	3	277057807569792	# parsed_lines=3111955-3112019 reasons=probe14_window	M=3072840 P=3 G=5442 StateTransition Time=277057807569792 GoID=5442 Running->Runnable Reason="preempted"
reader_after_invocation	Count	5507	0	277057817635200	# parsed_lines=3112277-3112341 reasons=probe14_window	M=3072837 P=0 G=5507 StateTransition Time=277057817635200 GoID=5507 Running->Runnable Reason="preempted"
reader_after_invocation	Count	5479	2	277057817654272	# parsed_lines=3112343-3112403 reasons=probe14_window	M=3072841 P=2 G=5479 StateTransition Time=277057817654272 GoID=5479 Running->Runnable Reason="preempted"
reader_after_invocation	Count	5247	1	277057817666176	# parsed_lines=3112405-3112473 reasons=probe14_window	M=3072845 P=1 G=5247 StateTransition Time=277057817666176 GoID=5247 Running->Runnable Reason="preempted"
reader_after_invocation	Count	5510	0	277057827831360	# parsed_lines=3112647-3112711 reasons=probe14_window	M=3072837 P=0 G=5510 StateTransition Time=277057827831360 GoID=5510 Running->Runnable Reason="preempted"
reader_after_invocation	Count	5511	0	277057837984320	# parsed_lines=3113026-3113090 reasons=probe14_window	M=3072837 P=0 G=5511 StateTransition Time=277057837984320 GoID=5511 Running->Runnable Reason="preempted"
reader_after_invocation	Count	5263	1	277057838040512	# parsed_lines=3113092-3113152 reasons=probe14_window	M=3072845 P=1 G=5263 StateTransition Time=277057838040512 GoID=5263 Running->Runnable Reason="preempted"
reader_after_invocation	Count	5512	0	277057848104448	# parsed_lines=3113387-3113451 reasons=probe14_window	M=3072837 P=0 G=5512 StateTransition Time=277057848104448 GoID=5512 Running->Runnable Reason="preempted"
reader_after_invocation	trace_advancer	4891	1	277057848113792	# parsed_lines=3113453-3113473 reasons=probe14_window	M=3072845 P=1 G=4891 StateTransition Time=277057848113792 GoID=4891 Running->Runnable Reason="preempted"
reader_after_invocation	Count	5483	3	277057848133248	# parsed_lines=3113505-3113565 reasons=probe14_window	M=3072840 P=3 G=5483 StateTransition Time=277057848133248 GoID=5483 Running->Runnable Reason="preempted"
reader_after_invocation	Count	5513	0	277057858258688	# parsed_lines=3113568-3113632 reasons=probe14_window	M=3072837 P=0 G=5513 StateTransition Time=277057858258688 GoID=5513 Running->Runnable Reason="preempted"
reader_after_invocation	Count	5412	2	277057858401216	# parsed_lines=3113634-3113698 reasons=probe14_window	M=3072841 P=2 G=5412 StateTransition Time=277057858401216 GoID=5412 Running->Runnable Reason="preempted"
reader_after_invocation	Count	5514	0	277057868480960	# parsed_lines=3113913-3113977 reasons=probe14_window	M=3072837 P=0 G=5514 StateTransition Time=277057868480960 GoID=5514 Running->Runnable Reason="preempted"
reader_after_invocation	BLS_signature_preparation	5484	3	277057868500160	# parsed_lines=3114009-3114081 reasons=probe14_window	M=3072840 P=3 G=5484 StateTransition Time=277057868500160 GoID=5484 Running->Runnable Reason="preempted"
reader_after_invocation	Count	5248	1	277057868510656	# parsed_lines=3114082-3114150 reasons=probe14_window	M=3072845 P=1 G=5248 StateTransition Time=277057868510656 GoID=5248 Running->Runnable Reason="preempted"
reader_after_invocation	Count	5515	0	277057878596672	# parsed_lines=3114289-3114353 reasons=probe14_window	M=3072837 P=0 G=5515 StateTransition Time=277057878596672 GoID=5515 Running->Runnable Reason="preempted"
reader_after_invocation	Count	5363	2	277057878621056	# parsed_lines=3114355-3114423 reasons=probe14_window	M=3072841 P=2 G=5363 StateTransition Time=277057878621056 GoID=5363 Running->Runnable Reason="preempted"
reader_after_invocation	Count	5516	0	277057888728640	# parsed_lines=3114598-3114662 reasons=probe14_window	M=3072837 P=0 G=5516 StateTransition Time=277057888728640 GoID=5516 Running->Runnable Reason="preempted"
reader_after_invocation	Count	5264	1	277057888786688	# parsed_lines=3114664-3114732 reasons=probe14_window	M=3072845 P=1 G=5264 StateTransition Time=277057888786688 GoID=5264 Running->Runnable Reason="preempted"
reader_after_invocation	Count	5518	0	277057898864896	# parsed_lines=3118590-3118654 reasons=probe14_window	M=3072837 P=0 G=5518 StateTransition Time=277057898864896 GoID=5518 Running->Runnable Reason="preempted"
reader_after_invocation	Count	5517	0	277057908985792	# parsed_lines=3118686-3118750 reasons=probe14_window	M=3072837 P=0 G=5517 StateTransition Time=277057908985792 GoID=5517 Running->Runnable Reason="preempted"
reader_after_invocation	Count	5249	1	277057909041344	# parsed_lines=3118752-3118812 reasons=probe14_window	M=3072845 P=1 G=5249 StateTransition Time=277057909041344 GoID=5249 Running->Runnable Reason="preempted"
reader_after_invocation	Count	5482	2	277057909048960	# parsed_lines=3118844-3118908 reasons=probe14_window	M=3072841 P=2 G=5482 StateTransition Time=277057909048960 GoID=5482 Running->Runnable Reason="preempted"
reader_after_invocation	Count	5485	3	277057909053056	# parsed_lines=3118910-3118974 reasons=probe14_window	M=3072840 P=3 G=5485 StateTransition Time=277057909053056 GoID=5485 Running->Runnable Reason="preempted"
writer_initial_ready	Count	5519	0	277057919162496	# parsed_lines=3119720-3119784 reasons=probe14_window	M=3072837 P=0 G=5519 StateTransition Time=277057919162496 GoID=5519 Running->Runnable Reason="preempted"
writer_initial_ready	Count	5520	0	277057929294976	# parsed_lines=3119816-3119880 reasons=probe14_window	M=3072837 P=0 G=5520 StateTransition Time=277057929294976 GoID=5520 Running->Runnable Reason="preempted"
writer_initial_ready	Count	5410	1	277057929325248	# parsed_lines=3119882-3119946 reasons=probe14_window	M=3072845 P=1 G=5410 StateTransition Time=277057929325248 GoID=5410 Running->Runnable Reason="preempted"
writer_initial_ready	Count	5461	2	277057929328512	# parsed_lines=3119947-3120007 reasons=probe14_window	M=3072841 P=2 G=5461 StateTransition Time=277057929328512 GoID=5461 Running->Runnable Reason="preempted"
writer_initial_ready	Count	5486	3	277057929332416	# parsed_lines=3120038-3120106 reasons=probe14_window	M=3072840 P=3 G=5486 StateTransition Time=277057929332416 GoID=5486 Running->Runnable Reason="preempted"
writer_initial_ready	Count	5521	0	277057939472640	# parsed_lines=3120224-3120284 reasons=probe14_window	M=3072837 P=0 G=5521 StateTransition Time=277057939472640 GoID=5521 Running->Runnable Reason="preempted"
writer_initial_ready	Count	5522	0	277057949610368	# parsed_lines=3120647-3120711 reasons=probe14_window	M=3072837 P=0 G=5522 StateTransition Time=277057949610368 GoID=5522 Running->Runnable Reason="preempted"
writer_initial_ready	Count	5462	2	277057949623488	# parsed_lines=3120713-3120777 reasons=probe14_window	M=3072841 P=2 G=5462 StateTransition Time=277057949623488 GoID=5462 Running->Runnable Reason="preempted"
writer_initial_ready	Count	5498	3	277057949655552	# parsed_lines=3120828-3120888 reasons=probe14_window	M=3072840 P=3 G=5498 StateTransition Time=277057949655552 GoID=5498 Running->Runnable Reason="preempted"
writer_initial_ready	Count	5523	0	277057959765312	# parsed_lines=3121479-3121543 reasons=probe14_window	M=3072837 P=0 G=5523 StateTransition Time=277057959765312 GoID=5523 Running->Runnable Reason="preempted"
writer_initial_ready	Count	5524	0	277057969894464	# parsed_lines=3122001-3122065 reasons=probe14_window	M=3072837 P=0 G=5524 StateTransition Time=277057969894464 GoID=5524 Running->Runnable Reason="preempted"
writer_initial_ready	Count	5472	1	277057969908672	# parsed_lines=3122067-3122127 reasons=probe14_window	M=3072845 P=1 G=5472 StateTransition Time=277057969908672 GoID=5472 Running->Runnable Reason="preempted"
writer_initial_ready	Count	5525	0	277057980022784	# parsed_lines=3122301-3122365 reasons=probe14_window	M=3072837 P=0 G=5525 StateTransition Time=277057980022784 GoID=5525 Running->Runnable Reason="preempted"
writer_initial_ready	Count	5463	2	277057980047808	# parsed_lines=3122367-3122431 reasons=probe14_window	M=3072841 P=2 G=5463 StateTransition Time=277057980047808 GoID=5463 Running->Runnable Reason="preempted"
writer_initial_ready	Count	5487	3	277057980051584	# parsed_lines=3122433-3122493 reasons=probe14_window	M=3072840 P=3 G=5487 StateTransition Time=277057980051584 GoID=5487 Running->Runnable Reason="preempted"
writer_initial_ready	Count	5526	0	277057990189248	# parsed_lines=3123223-3123291 reasons=probe14_window	M=3072837 P=0 G=5526 StateTransition Time=277057990189248 GoID=5526 Running->Runnable Reason="preempted"
writer_initial_ready	Count	5527	0	277058000298944	# parsed_lines=3123605-3123665 reasons=probe14_window	M=3072837 P=0 G=5527 StateTransition Time=277058000298944 GoID=5527 Running->Runnable Reason="preempted"
writer_initial_ready	Count	5473	1	277058000325952	# parsed_lines=3123697-3123761 reasons=probe14_window	M=3072845 P=1 G=5473 StateTransition Time=277058000325952 GoID=5473 Running->Runnable Reason="preempted"
writer_initial_ready	Count	5528	0	277058010434432	# parsed_lines=3124853-3124917 reasons=probe14_window	M=3072837 P=0 G=5528 StateTransition Time=277058010434432 GoID=5528 Running->Runnable Reason="preempted"
writer_initial_ready	Count	5543	0	277058020564224	# parsed_lines=3125413-3125477 reasons=probe14_window	M=3072837 P=0 G=5543 StateTransition Time=277058020564224 GoID=5543 Running->Runnable Reason="preempted"
writer_initial_ready	Count	5474	1	277058020639424	# parsed_lines=3125479-3125543 reasons=probe14_window	M=3072845 P=1 G=5474 StateTransition Time=277058020639424 GoID=5474 Running->Runnable Reason="preempted"
writer_initial_ready	Count	5465	2	277058020651648	# parsed_lines=3125545-3125609 reasons=probe14_window	M=3072841 P=2 G=5465 StateTransition Time=277058020651648 GoID=5465 Running->Runnable Reason="preempted"
writer_initial_ready	Count	5544	0	277058030702976	# parsed_lines=3125921-3125985 reasons=probe14_window	M=3072837 P=0 G=5544 StateTransition Time=277058030702976 GoID=5544 Running->Runnable Reason="preempted"
writer_initial_ready	Count	5489	3	277058030730624	# parsed_lines=3125987-3126051 reasons=probe14_window	M=3072840 P=3 G=5489 StateTransition Time=277058030730624 GoID=5489 Running->Runnable Reason="preempted"
writer_initial_ready	Count	5545	0	277058040861440	# parsed_lines=3126635-3126699 reasons=probe14_window	M=3072837 P=0 G=5545 StateTransition Time=277058040861440 GoID=5545 Running->Runnable Reason="preempted"
writer_initial_ready	Count	5546	0	277058050955456	# parsed_lines=3127018-3127082 reasons=probe14_window	M=3072837 P=0 G=5546 StateTransition Time=277058050955456 GoID=5546 Running->Runnable Reason="preempted"
writer_initial_ready	Count	5475	1	277058050983040	# parsed_lines=3127084-3127148 reasons=probe14_window	M=3072845 P=1 G=5475 StateTransition Time=277058050983040 GoID=5475 Running->Runnable Reason="preempted"
writer_initial_ready	Count	5548	0	277058061073920	# parsed_lines=3127596-3127656 reasons=probe14_window	M=3072837 P=0 G=5548 StateTransition Time=277058061073920 GoID=5548 Running->Runnable Reason="preempted"
writer_initial_ready	Count	5549	0	277058071204288	# parsed_lines=3127974-3128034 reasons=probe14_window	M=3072837 P=0 G=5549 StateTransition Time=277058071204288 GoID=5549 Running->Runnable Reason="preempted"
writer_initial_ready	Count	5467	2	277058071227072	# parsed_lines=3128036-3128100 reasons=probe14_window	M=3072841 P=2 G=5467 StateTransition Time=277058071227072 GoID=5467 Running->Runnable Reason="preempted"
writer_initial_ready	Count	5550	0	277058081335616	# parsed_lines=3128407-3128471 reasons=probe14_window	M=3072837 P=0 G=5550 StateTransition Time=277058081335616 GoID=5550 Running->Runnable Reason="preempted"
writer_initial_ready	Count	5397	1	277058081363648	# parsed_lines=3128473-3128533 reasons=probe14_window	M=3072845 P=1 G=5397 StateTransition Time=277058081363648 GoID=5397 Running->Runnable Reason="preempted"
writer_initial_ready	Count	5491	3	277058081368192	# parsed_lines=3128535-3128599 reasons=probe14_window	M=3072840 P=3 G=5491 StateTransition Time=277058081368192 GoID=5491 Running->Runnable Reason="preempted"
writer_initial_ready	Count	5551	0	277058091457024	# parsed_lines=3128795-3128859 reasons=probe14_window	M=3072837 P=0 G=5551 StateTransition Time=277058091457024 GoID=5551 Running->Runnable Reason="preempted"
writer_initial_ready	Count	5468	2	277058091516288	# parsed_lines=3128861-3128925 reasons=probe14_window	M=3072841 P=2 G=5468 StateTransition Time=277058091516288 GoID=5468 Running->Runnable Reason="preempted"
writer_initial_ready	Count	5552	0	277058101602880	# parsed_lines=3129098-3129158 reasons=probe14_window	M=3072837 P=0 G=5552 StateTransition Time=277058101602880 GoID=5552 Running->Runnable Reason="preempted"
writer_initial_ready	Count	5460	3	277058101635072	# parsed_lines=3129160-3129224 reasons=probe14_window	M=3072840 P=3 G=5460 StateTransition Time=277058101635072 GoID=5460 Running->Runnable Reason="preempted"
writer_initial_ready	Count	5553	0	277058111789312	# parsed_lines=3134170-3134230 reasons=probe14_window	M=3072837 P=0 G=5553 StateTransition Time=277058111789312 GoID=5553 Running->Runnable Reason="preempted"
writer_initial_ready	Count	5554	0	277058121945664	# parsed_lines=3137061-3137125 reasons=probe14_window	M=3072837 P=0 G=5554 StateTransition Time=277058121945664 GoID=5554 Running->Runnable Reason="preempted"
writer_initial_ready	BLS_signature_preparation	5495	1	277058122089344	# parsed_lines=3137158-3137222 reasons=probe14_window	M=3072845 P=1 G=5495 StateTransition Time=277058122089344 GoID=5495 Running->Runnable Reason="preempted"
writer_initial_ready	Count	5555	0	277058132122496	# parsed_lines=3137631-3137691 reasons=probe14_window	M=3072837 P=0 G=5555 StateTransition Time=277058132122496 GoID=5555 Running->Runnable Reason="preempted"
writer_initial_ready	Count	5499	3	277058132159872	# parsed_lines=3137693-3137761 reasons=probe14_window	M=3072840 P=3 G=5499 StateTransition Time=277058132159872 GoID=5499 Running->Runnable Reason="preempted"
writer_after_Gosched	Count	5556	0	277058142340800	# parsed_lines=3140069-3140133 reasons=probe14_window	M=3072837 P=0 G=5556 StateTransition Time=277058142340800 GoID=5556 Running->Runnable Reason="preempted"
writer_after_Gosched	Count	5557	0	277058152673792	# parsed_lines=3141322-3141386 reasons=probe14_window	M=3072837 P=0 G=5557 StateTransition Time=277058152673792 GoID=5557 Running->Runnable Reason="preempted"
writer_after_Gosched	Count	5500	2	277058152701952	# parsed_lines=3141388-3141452 reasons=probe14_window	M=3072841 P=2 G=5500 StateTransition Time=277058152701952 GoID=5500 Running->Runnable Reason="preempted"
writer_after_Gosched	Count	5558	0	277058162788736	# parsed_lines=3142780-3142848 reasons=probe14_window	M=3072837 P=0 G=5558 StateTransition Time=277058162788736 GoID=5558 Running->Runnable Reason="preempted"
writer_after_Gosched	Count	5497	1	277058162834688	# parsed_lines=3142850-3142914 reasons=probe14_window	M=3072845 P=1 G=5497 StateTransition Time=277058162834688 GoID=5497 Running->Runnable Reason="preempted"
writer_after_Gosched	Count	5365	0	277058172892288	# parsed_lines=3142946-3143006 reasons=probe14_window	M=3072837 P=0 G=5365 StateTransition Time=277058172892288 GoID=5365 Running->Runnable Reason="preempted"
writer_after_Gosched	Count	5501	2	277058172907072	# parsed_lines=3143008-3143068 reasons=probe14_window	M=3072841 P=2 G=5501 StateTransition Time=277058172907072 GoID=5501 Running->Runnable Reason="preempted"
writer_after_Gosched	Count	5510	3	277058172932160	# parsed_lines=3143071-3143131 reasons=probe14_window	M=3072840 P=3 G=5510 StateTransition Time=277058172932160 GoID=5510 Running->Runnable Reason="preempted"
writer_after_Gosched	Count	5366	0	277058183080064	# parsed_lines=3143917-3143981 reasons=probe14_window	M=3072837 P=0 G=5366 StateTransition Time=277058183080064 GoID=5366 Running->Runnable Reason="preempted"
writer_after_Gosched	Count	5367	0	277058193214144	# parsed_lines=3144013-3144073 reasons=probe14_window	M=3072837 P=0 G=5367 StateTransition Time=277058193214144 GoID=5367 Running->Runnable Reason="preempted"
writer_after_Gosched	Count	5502	2	277058193234176	# parsed_lines=3144075-3144135 reasons=probe14_window	M=3072841 P=2 G=5502 StateTransition Time=277058193234176 GoID=5502 Running->Runnable Reason="preempted"
writer_after_Gosched	Count	5519	1	277058193244864	# parsed_lines=3144166-3144230 reasons=probe14_window	M=3072845 P=1 G=5519 StateTransition Time=277058193244864 GoID=5519 Running->Runnable Reason="preempted"
writer_after_Gosched	Count	5511	3	277058193257856	# parsed_lines=3144233-3144293 reasons=probe14_window	M=3072840 P=3 G=5511 StateTransition Time=277058193257856 GoID=5511 Running->Runnable Reason="preempted"
writer_after_Gosched	Count	5368	0	277058203322240	# parsed_lines=3144598-3144658 reasons=probe14_window	M=3072837 P=0 G=5368 StateTransition Time=277058203322240 GoID=5368 Running->Runnable Reason="preempted"
writer_after_Gosched	Count	5369	0	277058213415168	# parsed_lines=3144833-3144893 reasons=probe14_window	M=3072837 P=0 G=5369 StateTransition Time=277058213415168 GoID=5369 Running->Runnable Reason="preempted"
writer_after_Gosched	Count	5503	2	277058213435328	# parsed_lines=3144895-3144959 reasons=probe14_window	M=3072841 P=2 G=5503 StateTransition Time=277058213435328 GoID=5503 Running->Runnable Reason="preempted"
writer_after_Gosched	Count	5520	1	277058213448512	# parsed_lines=3144990-3145054 reasons=probe14_window	M=3072845 P=1 G=5520 StateTransition Time=277058213448512 GoID=5520 Running->Runnable Reason="preempted"
writer_after_Gosched	Count	5370	0	277058223532864	# parsed_lines=3145765-3145829 reasons=probe14_window	M=3072837 P=0 G=5370 StateTransition Time=277058223532864 GoID=5370 Running->Runnable Reason="preempted"
writer_after_Gosched	Count	5512	3	277058223565312	# parsed_lines=3145861-3145929 reasons=probe14_window	M=3072840 P=3 G=5512 StateTransition Time=277058223565312 GoID=5512 Running->Runnable Reason="preempted"
writer_after_Gosched	Count	5371	0	277058233657216	# parsed_lines=3145933-3145997 reasons=probe14_window	M=3072837 P=0 G=5371 StateTransition Time=277058233657216 GoID=5371 Running->Runnable Reason="preempted"
writer_after_Gosched	Count	5521	1	277058233689408	# parsed_lines=3146029-3146097 reasons=probe14_window	M=3072845 P=1 G=5521 StateTransition Time=277058233689408 GoID=5521 Running->Runnable Reason="preempted"
writer_after_Gosched	Count	5504	2	277058233692480	# parsed_lines=3146098-3146166 reasons=probe14_window	M=3072841 P=2 G=5504 StateTransition Time=277058233692480 GoID=5504 Running->Runnable Reason="preempted"
writer_after_Gosched	Count	5372	0	277058234653376	# parsed_lines=3146302-3146366 reasons=probe14_window	M=3072837 P=0 G=5372 StateTransition Time=277058234653376 GoID=5372 Running->Runnable Reason="preempted"
writer_after_Gosched	Count	5522	1	277058234666496	# parsed_lines=3146367-3146431 reasons=probe14_window	M=3072845 P=1 G=5522 StateTransition Time=277058234666496 GoID=5522 Running->Runnable Reason="preempted"
writer_after_Gosched	Count	5477	2	277058234676608	# parsed_lines=3146432-3146492 reasons=probe14_window	M=3072841 P=2 G=5477 StateTransition Time=277058234676608 GoID=5477 Running->Runnable Reason="preempted"
writer_after_Gosched	Count	5373	0	277058243792576	# parsed_lines=3525756-3525820 reasons=probe14_window	M=3072837 P=0 G=5373 StateTransition Time=277058243792576 GoID=5373 Running->Runnable Reason="preempted"
writer_after_Gosched	Count	5374	0	277058253933248	# parsed_lines=3526825-3526885 reasons=probe14_window	M=3072837 P=0 G=5374 StateTransition Time=277058253933248 GoID=5374 Running->Runnable Reason="preempted"
writer_after_Gosched	Count	5375	0	277058264051712	# parsed_lines=3527714-3527778 reasons=probe14_window	M=3072837 P=0 G=5375 StateTransition Time=277058264051712 GoID=5375 Running->Runnable Reason="preempted"
writer_after_Gosched	Count	5523	1	277058264085696	# parsed_lines=3527781-3527845 reasons=probe14_window	M=3072845 P=1 G=5523 StateTransition Time=277058264085696 GoID=5523 Running->Runnable Reason="preempted"
writer_after_Gosched	Count	5513	3	277058264091328	# parsed_lines=3527877-3527941 reasons=probe14_window	M=3072840 P=3 G=5513 StateTransition Time=277058264091328 GoID=5513 Running->Runnable Reason="preempted"
writer_after_Gosched	Count	5376	0	277058274172736	# parsed_lines=3528629-3528689 reasons=probe14_window	M=3072837 P=0 G=5376 StateTransition Time=277058274172736 GoID=5376 Running->Runnable Reason="preempted"
writer_after_Gosched	Count	5506	2	277058274211776	# parsed_lines=3528721-3528781 reasons=probe14_window	M=3072841 P=2 G=5506 StateTransition Time=277058274211776 GoID=5506 Running->Runnable Reason="preempted"
writer_after_Gosched	Count	5377	0	277058284282112	# parsed_lines=3529083-3529147 reasons=probe14_window	M=3072837 P=0 G=5377 StateTransition Time=277058284282112 GoID=5377 Running->Runnable Reason="preempted"
writer_after_Gosched	Count	5514	3	277058284320384	# parsed_lines=3529149-3529209 reasons=probe14_window	M=3072840 P=3 G=5514 StateTransition Time=277058284320384 GoID=5514 Running->Runnable Reason="preempted"
writer_after_Gosched	Count	5538	0	277058294396608	# parsed_lines=3529663-3529727 reasons=probe14_window	M=3072837 P=0 G=5538 StateTransition Time=277058294396608 GoID=5538 Running->Runnable Reason="preempted"
writer_after_Gosched	Count	5539	0	277058304500096	# parsed_lines=3530044-3530108 reasons=probe14_window	M=3072837 P=0 G=5539 StateTransition Time=277058304500096 GoID=5539 Running->Runnable Reason="preempted"
writer_after_Gosched	Count	5525	1	277058304514304	# parsed_lines=3530110-3530170 reasons=probe14_window	M=3072845 P=1 G=5525 StateTransition Time=277058304514304 GoID=5525 Running->Runnable Reason="preempted"
writer_after_Gosched	Count	5540	0	277058314607232	# parsed_lines=3530781-3530845 reasons=probe14_window	M=3072837 P=0 G=5540 StateTransition Time=277058314607232 GoID=5540 Running->Runnable Reason="preempted"
writer_after_Gosched	Count	5509	2	277058314666048	# parsed_lines=3530953-3531013 reasons=probe14_window	M=3072841 P=2 G=5509 StateTransition Time=277058314666048 GoID=5509 Running->Runnable Reason="preempted"
writer_after_Gosched	Count	5541	0	277058324851392	# parsed_lines=3531210-3531270 reasons=probe14_window	M=3072837 P=0 G=5541 StateTransition Time=277058324851392 GoID=5541 Running->Runnable Reason="preempted"
writer_after_Gosched	Count	5515	3	277058324955840	# parsed_lines=3531311-3531371 reasons=probe14_window	M=3072840 P=3 G=5515 StateTransition Time=277058324955840 GoID=5515 Running->Runnable Reason="preempted"
writer_after_Gosched	Count	5542	0	277058334977984	# parsed_lines=3532654-3532718 reasons=probe14_window	M=3072837 P=0 G=5542 StateTransition Time=277058334977984 GoID=5542 Running->Runnable Reason="preempted"
writer_after_Gosched	Count	5547	0	277058345104704	# parsed_lines=3532750-3532814 reasons=probe14_window	M=3072837 P=0 G=5547 StateTransition Time=277058345104704 GoID=5547 Running->Runnable Reason="preempted"
writer_after_Gosched	Count	5528	1	277058345118080	# parsed_lines=3532817-3532881 reasons=probe14_window	M=3072845 P=1 G=5528 StateTransition Time=277058345118080 GoID=5528 Running->Runnable Reason="preempted"
writer_after_Gosched	Count	5492	2	277058345175488	# parsed_lines=3533048-3533112 reasons=probe14_window	M=3072841 P=2 G=5492 StateTransition Time=277058345175488 GoID=5492 Running->Runnable Reason="preempted"
writer_after_Gosched	Count	5516	3	277058345179520	# parsed_lines=3533113-3533177 reasons=probe14_window	M=3072840 P=3 G=5516 StateTransition Time=277058345179520 GoID=5516 Running->Runnable Reason="preempted"
writer_after_Gosched	Count	5559	0	277058355315776	# parsed_lines=3533290-3533350 reasons=probe14_window	M=3072837 P=0 G=5559 StateTransition Time=277058355315776 GoID=5559 Running->Runnable Reason="preempted"
writer_after_Gosched	Count	5560	0	277058365437248	# parsed_lines=3534851-3534919 reasons=probe14_window	M=3072837 P=0 G=5560 StateTransition Time=277058365437248 GoID=5560 Running->Runnable Reason="preempted"
writer_after_Gosched	Count	5561	0	277058375538816	# parsed_lines=3535110-3535174 reasons=probe14_window	M=3072837 P=0 G=5561 StateTransition Time=277058375538816 GoID=5561 Running->Runnable Reason="preempted"
writer_after_Gosched	Count	5493	2	277058375556928	# parsed_lines=3535176-3535240 reasons=probe14_window	M=3072841 P=2 G=5493 StateTransition Time=277058375556928 GoID=5493 Running->Runnable Reason="preempted"
writer_after_Gosched	Count	5518	3	277058375624512	# parsed_lines=3535292-3535352 reasons=probe14_window	M=3072840 P=3 G=5518 StateTransition Time=277058375624512 GoID=5518 Running->Runnable Reason="preempted"
writer_after_Gosched	Count	5562	0	277058385721024	# parsed_lines=3536039-3536099 reasons=probe14_window	M=3072837 P=0 G=5562 StateTransition Time=277058385721024 GoID=5562 Running->Runnable Reason="preempted"
writer_after_Gosched	Count	5544	1	277058385750208	# parsed_lines=3536101-3536165 reasons=probe14_window	M=3072845 P=1 G=5544 StateTransition Time=277058385750208 GoID=5544 Running->Runnable Reason="preempted"
writer_after_Gosched	Count	5563	0	277058395891392	# parsed_lines=3536793-3536857 reasons=probe14_window	M=3072837 P=0 G=5563 StateTransition Time=277058395891392 GoID=5563 Running->Runnable Reason="preempted"
writer_after_Gosched	Count	5507	2	277058395927680	# parsed_lines=3536859-3536923 reasons=probe14_window	M=3072841 P=2 G=5507 StateTransition Time=277058395927680 GoID=5507 Running->Runnable Reason="preempted"
writer_after_Gosched	Count	5564	0	277058406021312	# parsed_lines=3537549-3537613 reasons=probe14_window	M=3072837 P=0 G=5564 StateTransition Time=277058406021312 GoID=5564 Running->Runnable Reason="preempted"
writer_after_Gosched	Count	5545	1	277058406040448	# parsed_lines=3537615-3537679 reasons=probe14_window	M=3072845 P=1 G=5545 StateTransition Time=277058406040448 GoID=5545 Running->Runnable Reason="preempted"
writer_after_Gosched	Count	5565	0	277058416156992	# parsed_lines=3538124-3538188 reasons=probe14_window	M=3072837 P=0 G=5565 StateTransition Time=277058416156992 GoID=5565 Running->Runnable Reason="preempted"
writer_after_Gosched	Count	5552	2	277058416188096	# parsed_lines=3538220-3538284 reasons=probe14_window	M=3072841 P=2 G=5552 StateTransition Time=277058416188096 GoID=5552 Running->Runnable Reason="preempted"
writer_after_Gosched	Count	5566	0	277058426270016	# parsed_lines=3540012-3540072 reasons=probe14_window	M=3072837 P=0 G=5566 StateTransition Time=277058426270016 GoID=5566 Running->Runnable Reason="preempted"
writer_after_Gosched	Count	5567	0	277058436450944	# parsed_lines=3540517-3540581 reasons=probe14_window	M=3072837 P=0 G=5567 StateTransition Time=277058436450944 GoID=5567 Running->Runnable Reason="preempted"
writer_after_Gosched	Count	5553	2	277058436518208	# parsed_lines=3540613-3540677 reasons=probe14_window	M=3072841 P=2 G=5553 StateTransition Time=277058436518208 GoID=5553 Running->Runnable Reason="preempted"
writer_after_Gosched	Count	5365	3	277058436527104	# parsed_lines=3540689-3540757 reasons=probe14_window	M=3072840 P=3 G=5365 StateTransition Time=277058436527104 GoID=5365 Running->Runnable Reason="preempted"
writer_after_Gosched	Count	5568	0	277058446622464	# parsed_lines=3541776-3541840 reasons=probe14_window	M=3072837 P=0 G=5568 StateTransition Time=277058446622464 GoID=5568 Running->Runnable Reason="preempted"
writer_after_Gosched	Count	5569	0	277058456818496	# parsed_lines=3541986-3542046 reasons=probe14_window	M=3072837 P=0 G=5569 StateTransition Time=277058456818496 GoID=5569 Running->Runnable Reason="preempted"
writer_after_Gosched	Count	5549	1	277058456979072	# parsed_lines=3542077-3542145 reasons=probe14_window	M=3072845 P=1 G=5549 StateTransition Time=277058456979072 GoID=5549 Running->Runnable Reason="preempted"
writer_after_Gosched	Count	5366	3	277058456981696	# parsed_lines=3542146-3542206 reasons=probe14_window	M=3072840 P=3 G=5366 StateTransition Time=277058456981696 GoID=5366 Running->Runnable Reason="preempted"
writer_after_Gosched	Count	5570	0	277058467043584	# parsed_lines=3542796-3542860 reasons=probe14_window	M=3072837 P=0 G=5570 StateTransition Time=277058467043584 GoID=5570 Running->Runnable Reason="preempted"
writer_after_Gosched	Count	5571	0	277058477209664	# parsed_lines=3542892-3542956 reasons=probe14_window	M=3072837 P=0 G=5571 StateTransition Time=277058477209664 GoID=5571 Running->Runnable Reason="preempted"
writer_after_Gosched	Count	5550	1	277058477215936	# parsed_lines=3542957-3543021 reasons=probe14_window	M=3072845 P=1 G=5550 StateTransition Time=277058477215936 GoID=5550 Running->Runnable Reason="preempted"
writer_after_Gosched	Count	5555	2	277058477223232	# parsed_lines=3543023-3543083 reasons=probe14_window	M=3072841 P=2 G=5555 StateTransition Time=277058477223232 GoID=5555 Running->Runnable Reason="preempted"
writer_after_Gosched	Count	5367	3	277058477230784	# parsed_lines=3543086-3543146 reasons=probe14_window	M=3072840 P=3 G=5367 StateTransition Time=277058477230784 GoID=5367 Running->Runnable Reason="preempted"
