go	kind	cpPark	cpWake	cpWaker	park	wake	run	readyNs	blstPark	blstChild	blstWake	batchPark	batchWake	exit	cpParkRef	cpWakeRef	parkRef	wakeRef	runRef	blstParkRef	blstWakeRef	batchParkRef	batchWakeRef
4970	Len	277054191954560	277054661603328	4969	277054661832192	277054662602688	277054677649280	15046592	277054714124608	9038	277054726669696	277054726682752	277054835814784	277054836023424	28102-28158	1030861-1030889	1031308-1031372	1047650-1047660	1084147	1127791-1127863	1163151-1163157	1163260-1163308	1317334-1317342
4971	Len	277054191971520	277054661631168	4970	277054661845568	277054662603136	277054697878656	35275520	277054741899904	8955	277054748887552	277054748906816	277055141035840	277055142538240	28160-28216	1031100-1031128	1031432-1031496	1047661-1047671	1120798	1181419-1181491	1194476-1194482	1194559-1194607	1726432-1726440
4972	Len	277054191986624	277054661839040	4971	277054661852736	277054662603456	277054718317120	55713664	277054737844928	8678	277054743121728	277054743137280	277055141031552	277055142447872	28218-28274	1031376-1031404	1031554-1031618	1047672-1047682	1143398	1181068-1181140	1181928-1181934	1182011-1182059	1726378-1726386
4973	Len	277054192001152	277054661849088	4972	277054661859520	277054662603968	277054737852736	75248768	277054783437312	8960	277054813404864	277054813427776	277055141045312	277055142727296	28276-28332	1031525-1031553	1031653-1031717	1047683-1047693	1181170	1234329-1234401	1277329-1277335	1277507-1277555	1726489-1726497
4974	Len	277054192016064	277054661856128	4973	277054661865792	277054662604416	277054748690176	86085760	277054802769920	9581	277054831550080	277054831564928	277055141049152	277055142773888	28334-28390	1031622-1031650	1031749-1031813	1047694-1047704	1194186	1258227-1258299	1300120-1300126	1300203-1300251	1726498-1726506
4975	Len	277054192032320	277054661862784	4974	277054661872576	277054662604800	277054768975296	106370496	277054831886528	9603	277054860851392	277054860885696	277055677268480	277055691060992	28392-28448	1031719-1031747	1031873-1031937	1047705-1047715	1226982	1302800-1302872	1352410-1352416	1352494-1352542	2065649-2065657
4976	Len	277054192048384	277054661869184	4975	277054661880384	277054662605184	277054789240384	126635200	277054856305792	9605	277054894233792	277054894251840	277055677274880	277055691113280	28450-28506	1031830-1031858	1032045-1032109	1047716-1047726	1256209	1335137-1335209	1418298-1418304	1418382-1418430	2065669-2065677
4977	Len	277054192071424	277054661876160	4976	277054661888256	277054662605568	277054809441024	146835456	277054877212288	9608	277054913693504	277054913699456	277057270727424	277057392023424	28546-28602	1031945-1031973	1032179-1032243	1047727-1047737	1258695	1402161-1402233	1447989-1447995	1448130-1448178	3067985-3067993
4978	Len	277054192133248	277054661884160	4977	277054661894528	277054662605952	277054829680000	167074048	277054894217920	9609	277054916190464	277054916230080	277057270732096	277057392108736	28618-28674	1032129-1032157	1032430-1032494	1047795-1047805	1299691	1418196-1418268	1460281-1460287	1460365-1460413	3068005-3068013
4979	Len	277054192162880	277054661891648	4978	277054661901440	277054662606272	277054849915008	187308736	277054911673216	9610	277054962373056	277054962395776	277058892115136	277058927895872	28676-28732	1032346-1032374	1032598-1032662	1047807-1047817	1333713	1437181-1437253	1524813-1524819	1525029-1525077	3579295-3579303
4980	Len	277054192193600	277054661898112	4979	277054661908032	277054662606528	277054870113280	207506752	277054947694464	9614	277054993494336	277054993525632	277059086543680	277059087290880	28735-28791	1032509-1032537	1032807-1032871	1047818-1047828	1394285	1485827-1485899	1565780-1565786	1565863-1565911	3648025-3648033
4981	Len	277054192222336	277054661905024	4980	277054661915520	277054662606976	277054890398848	227791872	277054955562688	9616	277055012034304	277055012043392	277059086548160	277059092931584	28794-28850	1032709-1032737	1032923-1032987	1047830-1047840	1404117	1501608-1501680	1568506-1568512	1568589-1568637	3648055-3648063
4982	Len	277054192248576	277054661911680	4981	277054661921856	277054662607168	277054910567552	247960384	277054928125888	8679	277054975899584	277054975909376	277058892124672	277058928050496	28852-28908	1032880-1032908	1033116-1033180	1047841-1047851	1432281	1472940-1473012	1550935-1550941	1551018-1551066	3579325-3579333
4983	Len	277054192275072	277054661918848	4982	277054661928256	277054662607553	277054928133440	265525887	277054998796224	10833	277055038099456	277055038148864	277059086553664	277059096043904	28910-28966	1033047-1033075	1033253-1033317	1047876-1047886	1473041	1565952-1566024	1611448-1611454	1611729-1611777	3648095-3648103
5019	Len	277054192328192	277054661925185	4983	277054661934912	277054662607872	277054940953920	278346048	277055018937280	10834	277055074812352	277055074837184	277059086556544	277059096152896	28993-29049	1033224-1033252	1033496-1033560	1047888-1047898	1485709	1572886-1572958	1659601-1659607	1659684-1659732	3648115-3648123
5033	Len	277054192532864	277054661931520	5019	277054661941824	277054662608192	277054961205696	298597504	277055046090560	10835	277055142905792	277055142923968	277059086560064	277059096273792	29337-29393	1033376-1033404	1033838-1033902	1047899-1047909	1519300	1630265-1630337	1733068-1733074	1733305-1733353	3648145-3648153
5034	Len	277054192572864	277054661938625	5033	277054661948160	277054662608576	277054981412288	318803712	277055071318656	11200	277055142925632	277055142934208	277059086561344	277059096316224	29422-29478	1033694-1033722	1033988-1034052	1047910-1047920	1556669	1654971-1655043	1733355-1733361	1733459-1733507	3648155-3648163
5035	Len	277054192608064	277054661945216	5034	277054661954368	277054662608832	277055001655168	339046336	277055094544384	10839	277055163622400	277055163645696	277059086565120	277059096429760	29506-29562	1033959-1033987	1034144-1034208	1047921-1047931	1567896	1699726-1699798	1756810-1756816	1756893-1756941	3648185-3648193
5036	Len	277054192641472	277054661951424	5035	277054661960320	277054662609088	277055021973824	359364736	277055138551808	11340	277055217863360	277055217874112	277059086571456	277059096468480	29589-29645	1034064-1034092	1034367-1034431	1047932-1047942	1573149	1722634-1722706	1797852-1797858	1797935-1797983	3648235-3648243
5037	Len	277054192676608	277054661957376	5036	277054661966400	277054662609344	277055042192256	379582912	277055138553472	10842	277055218940224	277055218993216	277059086573056	277059096473088	29672-29728	1034226-1034254	1034469-1034533	1047943-1047953	1625183	1722708-1722780	1799580-1799586	1799663-1799711	3648245-3648253
5038	Len	277054192699904	277054661963584	5037	277054661972992	277054662609536	277055062388672	399779136	277055176317632	11373	277055235545344	277055235834442	277059086578240	277059096490880	29755-29811	1034433-1034461	1034596-1034660	1047954-1047964	1633933	1757351-1757423	1828089-1828095	1830473-1830521	3648295-3648303
5039	Len	277054192727360	277054661969920	5038	277054661979712	277054662609792	277055082633152	420023360	277055183539968	10845	277055243989056	277055243997760	277059086581504	277059096500864	29838-29894	1034552-1034580	1034732-1034796	1047965-1047975	1695766	1760682-1760754	1837932-1837938	1838015-1838063	3648325-3648333
5040	Len	277054192758016	277054661976192	5039	277054661985408	277054662610176	277055102894720	440284544	277055220085184	10848	277055336091008	277055336128128	277059086586176	277059096519040	29921-29977	1034703-1034731	1034849-1034913	1047976-1047986	1721049	1801840-1801912	1877155-1877161	1877238-1877286	3648375-3648383
5041	Len	277054192793216	277054661982400	5040	277054661992128	277054662610432	277055123174464	460564032	277055229782464	10849	277055391488320	277055391514624	277059086589632	277059096538880	30004-30060	1034805-1034833	1035017-1035081	1047987-1047997	1721674	1823560-1823632	1936651-1936657	1936734-1936782	3648415-3648423
5042	Len	277054192824000	277054661988608	5041	277054661998144	277054662610624	277055143337024	480726400	277055256789056	12099	277055391561600	277055391596032	277059086591168	277059096545920	30087-30143	1034932-1034960	1035188-1035252	1047998-1048008	1736229	1841378-1841450	1936917-1936923	1937000-1937048	3648435-3648443
5043	Len	277054192852032	277054661995200	5042	277054662003520	277054662610880	277055163521536	500910656	277055257771648	12114	277055396476416	277055396521216	277059086592384	277059096549056	30170-30226	1035083-1035111	1035326-1035390	1048009-1048019	1756617	1841731-1841803	1937334-1937340	1937417-1937465	3648445-3648453
5044	Len	277054192884032	277054662000768	5043	277054662009792	277054662611136	277055183752704	521141568	277055203854848	8680	277055271404736	277055285205312	277059086585472	277059096515136	30253-30309	1035282-1035310	1035461-1035525	1048020-1048030	1761266	1792078-1792150	1874490-1874496	1875004-1875052	3648365-3648373
5045	Len	277054192915712	277054662006912	5044	277054662016832	277054662611456	277055203859200	541247744	277055484208320	12563	277055620068672	277055690936704	277059086619456	277059095977920	30337-30393	1035422-1035450	1035741-1035805	1048031-1048041	1792179	1955753-1955825	2062491-2062497	2071058-2071106	3648715-3648723
5046	Len	277054192951488	277054662012800	5045	277054662023040	277054662611840	277055214101824	551489984	277055304186176	12103	277055414439616	277055414481728	277059086594944	277059096559104	30420-30476	1035652-1035680	1035909-1035973	1048042-1048052	1792567	1875690-1875762	1943078-1943084	1943176-1943224	3648475-3648483
5047	Len	277054192994176	277054662020160	5046	277054662029376	277054662612096	277055234443008	571830912	277055470581568	12129	277055656439680	277055656485056	277059086614528	277059096623488	30503-30559	1035848-1035876	1036101-1036165	1048053-1048063	1826055	1951894-1951966	2064022-2064028	2064105-2064153	3648655-3648663
5000	Len	277054193028032	277054662026112	5047	277054662036032	277054662612544	277055235834449	573221905	277055390065408	12106	277055537472832	277055537482112	277059086603456	277059096585536	30561-30617	1036033-1036061	1036215-1036279	1048064-1048074	1830550	1936406-1936478	2018486-2018492	2018569-2018617	3648555-3648563
5001	Len	277054193044928	277054662032640	5000	277054662041920	277054662612800	277055254784064	592171264	277055372993792	12123	277055492552576	277055492613952	277059086599360	277059096572416	30620-30676	1036186-1036214	1036394-1036458	1048075-1048085	1841245	1879316-1879388	1958999-1959005	1959082-1959130	3648515-3648523
5002	Len	277054193063104	277054662038849	5001	277054662050048	277054662613120	277055275038208	612425088	277055414339264	12126	277055556084928	277055556106560	277059086608768	277059096602432	30678-30734	1036339-1036367	1036512-1036576	1048086-1048096	1874660	1942674-1942746	2019970-2019976	2020053-2020101	3648605-3648613
5003	Len	277054193081600	277054662045120	5002	277054662055872	277054662613376	277055295365888	632752512	277055464583680	12128	277055635582336	277055635600128	277059086612480	277059096616384	30737-30793	1036483-1036511	1036735-1036799	1048097-1048107	1875334	1949874-1949946	2063032-2063038	2063115-2063163	3648635-3648643
5004	Len	277054193106880	277054662052864	5003	277054662061632	277054662613632	277055315789568	653175936	277055479134400	12562	277055619972224	277055620063296	277059086611200	277059096612288	30795-30851	1036680-1036708	1036857-1036921	1048108-1048118	1876516	1955611-1955683	2062327-2062333	2062441-2062489	3648625-3648633
5005	Len	277054193121856	277054662058816	5004	277054662067072	277054662613888	277055336072704	673458816	277055473266880	12417	277055656489472	277055656527552	277059086615232	277059096626816	30853-30909	1036801-1036829	1037054-1037118	1048119-1048129	1877090	1952037-1952109	2064155-2064161	2064240-2064288	3648665-3648673
5006	Len	277054193136768	277054662064192	5005	277054662072960	277054662614208	277055356363520	693749312	277055516717632	12760	277055661785152	277055661799488	277059086617344	277059096636352	30911-30967	1036923-1036951	1037175-1037239	1048130-1048140	1879047	1962350-1962422	2064937-2064943	2065020-2065068	3648695-3648703
5007	Len	277054193163264	277054662070208	5006	277054662079040	277054662614464	277055376575808	713961344	277055395416960	8681	277055549120320	277055549132480	277059086605824	277059096592512	30969-31025	1037146-1037174	1037327-1037391	1048141-1048151	1888096	1937089-1937161	2019180-2019186	2019263-2019311	3648575-3648583
5008	Len	277054193177856	277054662076096	5007	277054662085120	277054662614656	277055395434240	732819584	277055552770368	12567	277055697832640	277055697843392	277059086620800	277059096026368	31027-31083	1037241-1037269	1037467-1037531	1048152-1048162	1937191	2019543-2019615	2071431-2071437	2071514-2071562	3648725-3648733
5009	Len	277054193192576	277054662082048	5008	277054662094272	277054662614912	277055407055808	744440896	277055590887296	12570	277055759779904	277055759792512	277059086625984	277059096417600	31085-31141	1037437-1037465	1037717-1037781	1048163-1048173	1942320	2061202-2061274	2076113-2076119	2076196-2076244	3648775-3648783
5010	Len	277054193206720	277054662088000	5009	277054662100736	277054662615104	277055427355008	764739904	277055604429632	12764	277055775033920	277055775043968	277059086629312	277059096720256	31143-31199	1037533-1037561	1037837-1037901	1048174-1048184	1944901	2061789-2061861	2083776-2083782	2083859-2083907	3648805-3648813
5011	Len	277054193222336	277054662097728	5010	277054662110016	277054662615360	277055447633088	785017728	277055656421504	12767	277055898369344	277055898377600	277059086640832	277059096846144	31201-31257	1037808-1037836	1038052-1038116	1048185-1048195	1948765	2063920-2063992	2192961-2192967	2193044-2193092	3648905-3648913
5012	Len	277054193241216	277054662104000	5011	277054662118976	277054662615552	277055467920896	805305344	277055660190912	12575	277055898378944	277055898386368	277059086641664	277059097295168	31261-31317	1037903-1037931	1038263-1038327	1048196-1048206	1951822	2064464-2064536	2193094-2193100	2193177-2193225	3648915-3648923
5013	Len	277054193264576	277054662115968	5012	277054662125248	277054662615744	277055488175936	825560192	277055625810240	12573	277055813765312	277055813787136	277059086632768	277059096773312	31319-31375	1038176-1038204	1038383-1038447	1048207-1048217	1956260	2062540-2062612	2155661-2155667	2155744-2155792	3648835-3648843
5014	Len	277054193298368	277054662122240	5013	277054662133568	277054662616000	277055508499328	845883328	277055707987520	12787	277055913248000	277055913275840	277059086642688	277059097382465	31378-31434	1038354-1038382	1038574-1038638	1048218-1048228	1962213	2071974-2072046	2193587-2193593	2193701-2193749	3648925-3648933
5015	Len	277054193329856	277054662128512	5014	277054662141248	277054662616256	277055528753600	866137344	277055758681984	12791	277056024565184	277056024582528	277059086653056	277059097573248	31436-31492	1038449-1038477	1038834-1038898	1048229-1048239	1995081	2074379-2074451	2241656-2241662	2241790-2241838	3649015-3649023
5016	Len	277054193352768	277054662137984	5015	277054662147968	277054662616512	277055549058048	886441536	277055732739968	12773	277055982468160	277055982483008	277059086647232	277059097532160	31494-31550	1038747-1038775	1038929-1038993	1048240-1048250	2018955	2073396-2073468	2196659-2196665	2196845-2196893	3648965-3648973
5017	Len	277054193376320	277054662145088	5016	277054662156160	277054662616704	277055569221568	906604864	277055776380544	12775	277055985835520	277055985843968	277059086650624	277059097567104	31552-31608	1038900-1038928	1039083-1039147	1048251-1048261	2023571	2085549-2085621	2197400-2197406	2197483-2197531	3648995-3649003
5048	Len	277054193396864	277054662153024	5017	277054662162816	277054662617088	277055589540416	926923328	277055801162816	13273	277056048643200	277056048660096	277059086658432	277059097587712	31635-31691	1039054-1039082	1039286-1039350	1048262-1048272	2061133	2152543-2152615	2329795-2329801	2329878-2329926	3649065-3649073
5020	Len	277054193412928	277054662159616	5048	277054662169024	277054662617344	277055609790464	947173120	277055841637568	12779	277056064209088	277056064217408	277059086660416	277059097037888	31693-31749	1039199-1039227	1039381-1039445	1048273-1048283	2062023	2157861-2157933	2330510-2330516	2330593-2330641	3649085-3649093
5021	Len	277054193442368	277054662166208	5020	277054662174784	277054662617664	277055630093888	967476224	277055893952064	12782	277056166872512	277056166888960	277059086666624	277059097062784	31751-31807	1039352-1039380	1039584-1039648	1048284-1048294	2062804	2192176-2192248	2451181-2451187	2451291-2451339	3649135-3649143
5022	Len	277054193483648	277054662171776	5021	277054662180864	277054662617856	277055650351168	987733312	277055833237440	13413	277056064188032	277056064207360	277059086659456	277059097033473	31809-31865	1039506-1039534	1039680-1039744	1048295-1048305	2063594	2157518-2157590	2330377-2330383	2330460-2330508	3649075-3649083
5023	Len	277054193507456	277054662177856	5022	277054662186752	277054662618240	277055670584512	1007966272	277055890268160	13421	277056141599296	277056141629120	277059086665792	277059097058752	31867-31923	1039651-1039679	1039833-1039897	1048306-1048316	2065331	2191876-2191948	2447101-2447107	2447184-2447232	3649125-3649133
5024	Len	277054193548160	277054662183872	5023	277054662192384	277054662618560	277055690870144	1028251584	277055925755072	12785	277056227636672	277056227658176	277059086672704	277059097083008	31925-31981	1039804-1039832	1039988-1040052	1048317-1048327	2070952	2194024-2194096	2462008-2462014	2462154-2462202	3649185-3649193
5025	Len	277054193583488	277054662189504	5024	277054662198144	277054662618752	277055711086848	1048468096	277055982460160	13428	277056257824192	277056257903104	277059086677824	277059096848704	31984-32040	1039900-1039928	1040132-1040196	1048371-1048381	2072309	2196518-2196590	2464340-2464346	2464423-2464471	3649235-3649243
5026	Len	277054193609920	277054662195456	5025	277054662207104	277054662619008	277055731252864	1068633856	277056022381376	13429	277056356266688	277056356295168	277059086685696	277059096880128	32043-32099	1040103-1040131	1040323-1040387	1048382-1048392	2073325	2231600-2231672	2469076-2469082	2469159-2469207	3649305-3649313
5027	Len	277054193632576	277054662201088	5026	277054662216448	277054662619264	277055751507520	1088888256	277055970009408	13442	277056229412800	277056229422208	277059086675840	277059096606400	32101-32157	1040199-1040227	1040584-1040648	1048395-1048405	2074123	2196071-2196143	2463157-2463163	2463240-2463288	3649215-3649223
5028	Len	277054193660672	277054662211649	5027	277054662232512	277054662619520	277055771717888	1109098368	277056048634240	13446	277056275391808	277056275425664	277059086681088	277059096860416	32160-32216	1040554-1040582	1040824-1040888	1048406-1048416	2079243	2329693-2329765	2465348-2465354	2465431-2465479	3649265-3649273
5029	Len	277054193685376	277054662222272	5028	277054662253504	277054662619712	277055791968384	1129348672	277055972668544	13427	277056229423872	277056229434560	277059086676736	277059096826048	32218-32274	1040650-1040678	1041136-1041200	1048417-1048427	2152204	2196212-2196284	2463290-2463296	2463374-2463422	3649225-3649233
5030	Len	277054193702656	277054662246208	5029	277054662265152	277054662620033	277055812200704	1149580671	277056064175808	13433	277056296088000	277056296107072	277059086683264	277059096868736	32276-32332	1041044-1041072	1041281-1041345	1048487-1048497	2155439	2330275-2330347	2466223-2466229	2466306-2466354	3649285-3649293
5031	Len	277054193720256	277054662260736	5030	277054662273920	277054662620416	277055832398464	1169778048	277056097922049	13435	277056396056896	277056396096000	277059086691904	277059096903360	32335-32391	1041203-1041231	1041434-1041498	1048498-1048508	2157447	2380664-2380736	2471562-2471568	2471646-2471694	3649365-3649373
5032	Len	277054193736768	277054662269184	5031	277054662282432	277054662620608	277055852631616	1190011008	277056122661760	13447	277056436855808	277056436885824	277059086699584	277059096925952	32393-32449	1041405-1041433	1041605-1041669	1048509-1048519	2159075	2444683-2444755	2505569-2505575	2505652-2505700	3649425-3649433
5084	Len	277054204589952	277054662277760	5032	277054662312320	277054662620864	277055872895744	1210274880	277056166862656	13450	277056392975808	277056392999232	277059086689984	277059096896000	49350-49406	1041559-1041587	1041834-1041898	1048520-1048530	2191584	2451052-2451124	2471155-2471161	2471238-2471286	3649345-3649353
5085	Len	277054204620096	277054662289152	5084	277054662321536	277054662621184	277055893046976	1230425792	277056206428352	13452	277056462245504	277056462265728	277059086701056	277059096929344	49434-49490	1041747-1041775	1041959-1042023	1048531-1048541	2192106	2458212-2458284	2506893-2506899	2506977-2507025	3649435-3649443
5118	Len	277054205075136	277054662316800	5085	277054662330752	277054662621440	277055913242624	1250621184	277056152653184	13656	277056501749760	277056501790912	277059086713472	277059097033472	51540-51596	1041900-1041928	1042171-1042235	1048542-1048552	2193520	2448997-2449069	2509441-2509447	2509524-2509572	3649505-3649513
5119	Len	277054205129728	277054662325888	5118	277054662341568	277054662621696	277055933517312	1270895616	277056208025408	13954	277056480300736	277056480312640	277059086704768	277059096937856	51624-51680	1042141-1042169	1042361-1042425	1048553-1048563	2195055	2458586-2458658	2508004-2508010	2508088-2508136	3649455-3649463
5120	Len	277054205168640	277054662336320	5119	277054662350976	277054662622016	277055953805184	1291183168	277056257772288	13457	277056593010944	277056593018816	277059086726528	277059097267456	51774-51830	1042318-1042346	1042537-1042601	1048564-1048574	2195697	2464247-2464319	2954670-2954676	2954753-2954801	3649565-3649573
5121	Len	277054205204288	277054662345600	5120	277054662360896	277054662622208	277055974096320	1311474112	277056297487104	14083	277056691065856	277056691100288	277059086745792	277059097638912	51907-51963	1042485-1042513	1042757-1042821	1048618-1048628	2196446	2466409-2466481	2961012-2961018	2961095-2961143	3649715-3649723
5122	Len	277054205246656	277054662355712	5121	277054662370432	277054662622464	277055994361600	1331739136	277056350866432	14085	277056623581120	277056623615104	277059086736640	277059097608448	52090-52146	1042679-1042707	1042904-1042968	1048643-1048653	2197722	2468647-2468719	2957106-2957112	2957189-2957237	3649635-3649643
5123	Len	277054205307520	277054662365312	5122	277054662380417	277054662622656	277056014608256	1351985600	277056251065344	14076	277056582843968	277056582865856	277059086720512	277059097205568	52374-52430	1042836-1042864	1043156-1043220	1048655-1048665	2198307	2464064-2464136	2954037-2954043	2954120-2954168	3649535-3649543
5124	Len	277054205354560	277054662374400	5123	277054662390272	277054662622976	277056034844992	1372222016	277056296077120	14079	277056690887616	277056690985216	277059086745152	277059097635008	52607-52663	1042971-1042999	1043336-1043400	1048666-1048676	2292335	2466121-2466193	2960862-2960868	2960945-2960993	3649705-3649713
5125	Len	277054205416320	277054662385281	5124	277054662403136	277054662623232	277056055104320	1392481088	277056340235328	14081	277056593020480	277056593028800	277059086727360	277059097046336	52928-52984	1043279-1043307	1043546-1043610	1048677-1048687	2330204	2467907-2467979	2954805-2954811	2954888-2954936	3649575-3649583
5126	Len	277054205475456	277054662398592	5125	277054662409920	277054662623424	277056075374528	1412751104	277056396029056	14089	277056633568576	277056633580864	277059086741376	277059097624576	53126-53182	1043492-1043520	1043662-1043726	1048688-1048698	2331081	2471460-2471532	2958133-2958139	2958216-2958264	3649675-3649683
5127	Len	277054205524352	277054662406592	5126	277054662418816	277054662623680	277056095644032	1433020352	277056436489024	14091	277056716852736	277056716863936	277059086753024	277059097662080	53500-53556	1043619-1043647	1043835-1043899	1048699-1048709	2370567	2505436-2505508	2973197-2973203	2973280-2973328	3649775-3649783
5128	Len	277054205581888	277054662413120	5127	277054662429632	277054662623936	277056115862144	1453238208	277056480243008	14093	277056842323520	277056842343744	277059086770048	277059097715456	53748-53804	1043728-1043756	1043954-1044018	1048710-1048720	2444472	2507628-2507700	2988740-2988746	2988823-2988871	3649915-3649923
5129	Len	277054205728256	277054662424640	5128	277054662440896	277054662624128	277056136347008	1473722880	277056530516864	14096	277056796446912	277056796458176	277059086763840	277059097694848	54352-54408	1043912-1043940	1044087-1044151	1048721-1048731	2446755	2510426-2510498	2983643-2983649	2983730-2983778	3649865-3649873
5130	Len	277054205776000	277054662435840	5129	277054662448320	277054662624384	277056156671616	1494047232	277056418457792	14106	277056692389696	277056692466624	277059086747072	277059097643072	54625-54681	1044058-1044086	1044232-1044296	1048732-1048742	2450602	2504500-2504572	2961331-2961337	2961415-2961463	3649725-3649733
5131	Len	277054205841536	277054662445440	5130	277054662454720	277054662624704	277056176896000	1514271296	277056438615296	14107	277056716866944	277056716879360	277059086754240	277059097665600	54947-55003	1044176-1044204	1044427-1044491	1048743-1048753	2452821	2505743-2505815	2973332-2973338	2973415-2973463	3649785-3649793
5132	Len	277054205912640	277054662451456	5131	277054662462656	277054662625024	277056197195072	1534570048	277056501581760	14111	277056741084160	277056741189184	277059086756480	277059097672576	55394-55450	1044329-1044357	1044549-1044613	1048754-1048764	2456470	2509177-2509249	2975822-2975828	2975905-2975953	3649805-3649813
5050	Len	277054205951168	277054662458432	5132	277054662468800	277054662625344	277056217515136	1554889792	277056830111360	14142	277057069858240	277057069868736	277059086821440	277059097913472	55453-55509	1044506-1044534	1044671-1044735	1048822-1048832	2461819	2987785-2987857	3041830-3041836	3041913-3041961	3650365-3650373
5051	Len	277054205996352	277054662465664	5050	277054662476096	277054662625600	277056237781376	1575155776	277056610193536	14132	277056888050880	277056888072000	277059086789120	277059097778496	55652-55708	1044629-1044657	1044890-1044954	1048833-1048843	2463556	2955850-2955922	2992916-2992922	2993056-2993104	3650075-3650083
5052	Len	277054206050688	277054662471744	5051	277054662482240	277054662625920	277056258057664	1595431744	277056664162560	14135	277056877881216	277056877890112	277059086782784	277059097752064	55869-55925	1044751-1044779	1045011-1045075	1048844-1048854	2464768	2959544-2959616	2991768-2991774	2991851-2991899	3650015-3650023
5053	Len	277054206102400	277054662479232	5052	277054662488256	277054662626112	277056278298816	1615672704	277056713562752	14137	277056951956672	277056951964864	277059086800192	277059097843264	56066-56122	1044969-1044997	1045161-1045225	1048855-1048865	2465776	2970045-2970117	3028699-3028705	3028782-3028830	3650175-3650183
5054	Len	277054206143680	277054662485120	5053	277054662494464	277054662626368	277056298555328	1635928960	277056570532032	14116	277056888010368	277056888048000	277059086788032	277059097770432	56159-56215	1045090-1045118	1045301-1045365	1048866-1048876	2466673	2566998-2567070	2992658-2992664	2992865-2992913	3650065-3650073
5055	Len	277054206191552	277054662491392	5054	277054662500608	277054662626624	277056318826752	1656200128	277056602325312	14119	277056869228928	277056869239552	277059086778816	277059097741504	56369-56425	1045241-1045269	1045438-1045502	1048877-1048887	2467440	2955333-2955405	2991067-2991073	2991150-2991198	3649985-3649993
5056	Len	277054206236992	277054662497536	5055	277054662507072	277054662626816	277056339296960	1676670144	277056653197824	14122	277056980462016	277056980480512	277059086804160	277059097858176	56552-56608	1045381-1045409	1045547-1045611	1048890-1048900	2467865	2958744-2958816	3030351-3030357	3030434-3030482	3650215-3650223
5057	Len	277054206278656	277054662503808	5056	277054662513152	277054662627072	277056359478336	1696851264	277056621803456	8686	277056908473024	277056908619712	277059086793280	277059097817216	56680-56736	1045504-1045532	1045653-1045717	1048901-1048911	2469677	2956367-2956439	2994038-2994044	2994121-2994169	3650115-3650123
5074	Len	277054206323392	277054662510016	5057	277054662519552	277054662627328	277056379844160	1717216832	277056664162368	8688	277056877856576	277056877879296	277059086781696	277059097748352	56862-56918	1045613-1045641	1045785-1045849	1048913-1048923	2470560	2959471-2959543	2991604-2991610	2991718-2991766	3650005-3650013
5075	Len	277054206364480	277054662516416	5074	277054662525696	277054662627712	277056400134144	1737506432	277056692719232	14125	277056905769216	277056905824256	277059086792192	277059097808256	57042-57098	1045742-1045770	1045970-1046034	1048924-1048934	2471858	2961575-2961647	2993742-2993748	2993826-2993874	3650105-3650113
5076	Len	277054206407744	277054662522752	5075	277054662536768	277054662627968	277056439489088	1776861120	277056997643392	14668	277057216968576	277057216977024	277059086844288	277059096876608	57181-57237	1045874-1045902	1046103-1046167	1048935-1048945	2505987	3031293-3031365	3062135-3062141	3062218-3062266	3650585-3650593
5077	Len	277054206449728	277054662530816	5076	277054662549056	277054662628352	277056450890048	1788261696	277056842213440	14661	277057092286784	277057092373056	277059086823936	277059097924800	57348-57404	1046036-1046064	1046274-1046338	1048946-1048956	2506208	2988364-2988436	3043264-3043270	3043347-3043395	3650395-3650403
4966	At	277054191825856	277054629258624	4965	277054662556992	277054662628672	277056471317952	1808689280	277056472015104	8683	277056842235648	277056842282432	277059086768064	277059097708544	27866-27922	988537-988565	1046340-1046404	1048957-1048967	2507242	2507302-2507374	2988468-2988474	2988552-2988600	3649895-3649903
4967	At	277054191857664	277054637106112	4966	277054662558848	277054662628864	277056472051968	1809423104	277056477858176	8684	277056842285760	277056842319296	277059086769344	277059097712064	27924-27980	989228-989256	1046435-1046499	1048968-1048978	2507404	2507445-2507517	2988604-2988610	2988688-2988736	3649905-3649913
5078	Len	277054206493504	277054662544256	5077	277054662560001	277054662629120	277056477864896	1815235776	277056740759104	14138	277057012321408	277057012355840	277059086811968	277059097881472	57406-57462	1046242-1046270	1046541-1046605	1048979-1048989	2507547	2975636-2975708	3033033-3033039	3033116-3033164	3650285-3650293
5079	Len	277054206533120	277054662557056	5078	277054662566144	277054662629376	277056491646784	1829017408	277056785952640	14140	277057011582592	277057011594304	277059086810944	277059097877568	57577-57633	1046405-1046433	1046651-1046715	1048990-1049000	2509106	2982742-2982814	3032758-3032764	3032841-3032889	3650275-3650283
5080	Len	277054206578560	277054662563456	5079	277054662573888	277054662629568	277056511995648	1849366080	277056829327488	14141	277057069832448	277057069856320	277059086820416	277059097908096	57753-57809	1046608-1046636	1046838-1046902	1049016-1049026	2509976	2987642-2987714	3041697-3041703	3041780-3041828	3650355-3650363
5081	Len	277054206624000	277054662569408	5080	277054662580416	277054662629824	277056532279552	1869649728	277056875248064	14144	277057048333056	277057048341248	277059086819520	277059097904512	58026-58082	1046739-1046767	1046988-1047052	1049027-1049037	2510660	2991239-2991311	3035100-3035106	3035183-3035231	3650345-3650353
5082	Len	277054206667264	277054662577728	5081	277054662586432	277054662630016	277056552460864	1889830848	277056754148544	14507	277056949780992	277056949806720	277059086796736	277059097831232	58126-58182	1046937-1046965	1047128-1047192	1049039-1049049	2517136	2977835-2977907	3028156-3028162	3028239-3028287	3650145-3650153
5083	Len	277054206699648	277054662583296	5082	277054662592640	277054662630272	277056572732608	1910102336	277056982193472	14789	277057190518464	277057190561792	277059086841088	277059097985472	58312-58368	1047076-1047104	1047317-1047381	1049050-1049060	2567228	3030648-3030720	3059332-3059338	3059415-3059463	3650555-3650563
5133	Len	277054206753344	277054662589824	5083	277054662599424	277054662630528	277056580799168	1918168640	277056855854080	14781	277057014455360	277057014468736	277059086813248	277059097885120	58617-58673	1047266-1047294	1047488-1047552	1049061-1049071	2567523	2989471-2989543	3033338-3033344	3033478-3033526	3650295-3650303
4968	At	277054191887936	277054647219520	4967	277054662600640	277054662630784	277054662632512	1728	277054686093440	8660	277054687104832	277054687124096	277054693603520	277054693702784	27982-28038	997425-997453	1047555-1047619	1049072-1049082	1049092	1102883-1102955	1108555-1108561	1108720-1108768	1116102-1116110
