go	created	cpPark	cpWake	cpWaker	cpFirstRun	cpRelease	cpNext	firstProbeCountPreempt	cpWait	createdRef	cpParkRef	cpWakeRef	cpFirstRunRef	cpReleaseRef	countPreemptRef
5476	277054239339968	277054240826880	277057615000448	5475	277057625289856	277057625429696	5494	277057635339520	3374173568	138178	142369-142425	3105882-3105910	3106184	3106240-3106268	3106418-3106482
5397	277054227942400	277054227957696	277057052756288	5396	277057052845056	277057052847232	5398	277057635370432	2824798592	113697	113722-113778	3038650-3038678	3038744	3038746-3038774	3106484-3106548
5494	277054241222016	277054241251904	277057625429696	5476	277057635342784	277057635376512	5495	277057645439872	3384177792	143717	143742-143798	3106240-3106268	3106483	3106551-3106579	3106580-3106644
5380	277054226575104	277054226593344	277057051421952	5379	277057051491328	277057051500480	5381	277057645467712	2824828608	108064	108089-108145	3037018-3037046	3037116	3037118-3037146	3106646-3106706
5356	277054224022528	277054224034816	277057039987200	5355	277057050039232	277057050074752	5357	277057645473536	2815952384	102646	102671-102727	3034655-3034683	3035312	3035397-3035425	3106707-3106775
5495	277054241254592	277054241269888	277057635376512	5494	277057645444480	277057645478848	5496	277057655618176	3394106624	143800	143825-143881	3106551-3106579	3106645	3106780-3106808	3107151-3107211
5398	277054228036224	277054228053952	277057052847232	5397	277057052920768	277057052926976	5239	277057655696832	2824793280	114301	114326-114382	3038746-3038774	3038840	3038842-3038870	3107213-3107273
5496	277054241272064	277054241289600	277057645478848	5495	277057655689408	277057655758208	5497	277057665778880	3404189248	143883	143908-143964	3106780-3106808	3107212	3107276-3107304	3107447-3107511
5432	277054233304192	277054233319040	277057197771712	5431	277057207950144	277057208065856	5433	277057665809344	2964452672	127418	127532-127588	3059807-3059835	3059898	3060090-3060118	3107513-3107573
5497	277054241331712	277054241355456	277057655758208	5496	277057665782016	277057665816960	5498	277057675909184	3414402752	144153	144178-144234	3107276-3107304	3107512	3107576-3107604	3107747-3107811
5239	277054232682688	277054232734976	277057052926976	5398	277057052999424	277057053005824	5240	277057675962624	2820192000	120364	120731-120787	3038842-3038870	3038936	3038938-3038966	3107813-3107877
5498	277054241359040	277054241373504	277057665816960	5497	277057675920512	277057675992064	5499	277057686015808	3424443456	144236	144261-144317	3107576-3107604	3107812	3107880-3107908	3107909-3107973
5445	277054234087744	277054234102848	277057279073536	5444	277057289225728	277057289314432	5446	277057686022848	3044970688	131062	131087-131143	3068657-3068685	3068751	3068814-3068842	3107974-3108038
5433	277054233321152	277054233338368	277057208065856	5432	277057218102592	277057218130624	5434	277057686043264	2974727488	127654	127716-127772	3060090-3060118	3062466	3062468-3062496	3108041-3108105
5499	277054241375872	277054241390016	277057675992064	5498	277057686038592	277057686060736	5500	277057696140288	3434602048	144319	144344-144400	3107880-3107908	3108040	3108130-3108158	3108302-3108366
5240	277054232738176	277054232759744	277057053005824	5239	277057053078464	277057053086272	5241	277057696171328	2820246080	120789	120882-120938	3038938-3038966	3039032	3039034-3039062	3108368-3108432
5500	277054241392320	277054241408320	277057686060736	5499	277057696144192	277057696174208	5501	277057706262976	3444652416	144402	144427-144483	3108130-3108158	3108367	3108434-3108462	3108605-3108669
4944	277054226493760	277054226515392	277057051110144	4943	277057051178816	277057051189888	4945	277057706339264	2824594752	107732	107757-107813	3036638-3036666	3036728	3036730-3036758	3108701-3108765
5501	277054241410880	277054241425088	277057696174208	5500	277057706266560	277057706294464	5502	277057716417984	3454749120	144485	144510-144566	3108434-3108462	3108670	3108672-3108700	3108909-3108973
5241	277054232762944	277054232779520	277057053086272	5240	277057053182336	277057053191232	5242	277057716434880	2820306752	120940	121015-121071	3039034-3039062	3039128	3039130-3039158	3108975-3109035
5502	277054241466240	277054241483776	277057706294464	5501	277057716420928	277057716446912	5503	277057726584576	3464810688	144755	144781-144837	3108672-3108700	3108974	3109037-3109065	3109208-3109268
5411	277054232990784	277054233004800	277057054110848	5410	277057054198208	277057054201024	5245	277057726592832	2821106048	123421	123571-123627	3040086-3040114	3040180	3040182-3040210	3109270-3109334
5503	277054241485888	277054241500736	277057716446912	5502	277057726591936	277057726614528	5504	277057736668800	3474946176	144839	144864-144920	3109037-3109065	3109269	3109337-3109365	3109508-3109572
5434	277054233339968	277054233354816	277057218130624	5433	277057228248192	277057228269888	5407	277057736689472	2984775808	127776	127871-127927	3062468-3062496	3062558	3062622-3062650	3109574-3109634
5242	277054232782592	277054232796608	277057053191232	5241	277057053267136	277057053280128	5243	277057736699008	2820394624	121123	121260-121316	3039130-3039158	3039224	3039226-3039254	3109635-3109699
5504	277054241503168	277054241520000	277057726614528	5503	277057736672320	277057736702528	5505	277057746808512	3485094528	144922	144947-145003	3109337-3109365	3109573	3109701-3109729	3109732-3109796
5477	277054239365504	277054239464128	277057299438528	5446	277057309650560	277057309724800	5478	277057746823680	3059974400	138276	138301-138357	3070653-3070681	3070747	3070943-3070971	3109798-3109858
5505	277054241522560	277054241536320	277057736702528	5504	277057746813056	277057746849152	5506	277057756909952	3495166208	145005	145030-145086	3109701-3109729	3109797	3109861-3109889	3109909-3109973
5243	277054232799616	277054232815808	277057053280128	5242	277057053346496	277057053354112	5244	277057756924096	2820464320	121331	121445-121501	3039226-3039254	3039320	3039322-3039350	3109975-3110039
5407	277054233378304	277054233397888	277057228269888	5434	277057238451392	277057238531456	5425	277057756966784	2994872000	128319	128555-128611	3062622-3062650	3063855	3063857-3063885	3110041-3110105
5506	277054241538432	277054241553024	277057746849152	5505	277057756915392	277057757007296	5508	277057767017152	3505296128	145088	145113-145169	3109861-3109889	3109974	3110108-3110136	3110563-3110623
5508	277054241597120	277054241614336	277057757007296	5506	277057767019008	277057767037312	5509	277057777095616	3515392960	145383	145408-145464	3110108-3110136	3110624	3110626-3110654	3111066-3111130
5244	277054232818560	277054232833024	277057053354112	5243	277057053424448	277057053432512	5246	277057777119680	2820521088	121504	121618-121674	3039322-3039350	3039416	3039418-3039446	3111162-3111226
5509	277054241616384	277054241633472	277057767037312	5508	277057777097280	277057777116288	5492	277057787216768	3525403840	145466	145491-145547	3110626-3110654	3111131	3111133-3111161	3111228-3111288
5245	277054232840896	277054233018816	277057054201024	5411	277057054286784	277057054293184	5412	277057787233728	2821182208	121739	123726-123782	3040182-3040210	3040272	3040274-3040302	3111291-3111355
5425	277054233892160	277054233925888	277057238531456	5407	277057248580928	277057248604416	5442	277057787252480	3004605568	130173	130198-130254	3063857-3063885	3063951	3063953-3063981	3111386-3111450
5492	277054241217600	277054241652032	277057777116288	5509	277057787218496	277057787241728	5493	277057797355456	3535464256	143695	145586-145642	3111133-3111161	3111289	3111356-3111384	3111585-3111649
5246	277054232843456	277054232860928	277057053432512	5244	277057053502528	277057053510272	5247	277057797384640	2820571584	121750	121900-121956	3039418-3039446	3039512	3039514-3039542	3111651-3111715
5493	277054241219968	277054241665856	277057787241728	5492	277057797359872	277057797392960	5507	277057807489920	3545575872	143706	145644-145700	3111356-3111384	3111650	3111718-3111746	3111889-3111953
5442	277054233929984	277054233947520	277057248604416	5425	277057258786368	277057258959232	5443	277057807569792	3014656896	130274	130301-130357	3063953-3063981	3065977	3065979-3066007	3111955-3112019
5507	277054241555392	277054241683968	277057797392960	5493	277057807498880	277057807590848	5510	277057817635200	3555708992	145171	145740-145796	3111718-3111746	3111954	3112036-3112064	3112277-3112341
5479	277054239523968	277054239566272	277057319800960	5478	277057330044480	277057330164480	5480	277057817654272	3080234688	138515	138541-138597	3072003-3072031	3072162	3072290-3072318	3112343-3112403
5247	277054232863424	277054232877568	277057053510272	5246	277057053580736	277057053588096	5263	277057817666176	2820632704	121958	122034-122090	3039514-3039542	3039608	3039610-3039638	3112405-3112473
5510	277054241883840	277054241907008	277057807590848	5507	277057817638848	277057817666816	5511	277057827831360	3565683840	146590	146616-146672	3112036-3112064	3112342	3112474-3112502	3112647-3112711
5511	277054241909952	277054241929024	277057817666816	5510	277057827836992	277057827906176	5512	277057837984320	3575737792	146674	146699-146755	3112474-3112502	3112712	3112714-3112742	3113026-3113090
5263	277054232843712	277054232895616	277057053588096	5247	277057053659200	277057053666944	5248	277057838040512	2820692480	121761	122204-122260	3039610-3039638	3039700	3039702-3039730	3113092-3113152
5512	277054241932544	277054241947776	277057827906176	5511	277057837989312	277057838044480	5513	277057848104448	3585958400	146757	146782-146838	3112714-3112742	3113091	3113154-3113182	3113387-3113451
5483	277054239728832	277054239761472	277057361061440	5482	277057371247360	277057371313152	5484	277057848133248	3121299968	138995	139020-139076	3074034-3074062	3074132	3074351-3074379	3113505-3113565
5513	277054241950912	277054241966592	277057838044480	5512	277057848106432	277057848126592	5514	277057858258688	3596077888	146841	146866-146922	3113154-3113182	3113452	3113475-3113503	3113568-3113632
5412	277054233022912	277054233037248	277057054293184	5245	277057054385280	277057054391360	5402	277057858401216	2821255936	123799	123824-123880	3040274-3040302	3040368	3040370-3040398	3113634-3113698
5514	277054242020288	277054242039168	277057848126592	5513	277057858345728	277057858439808	5515	277057868480960	3606087424	147111	147136-147192	3113475-3113503	3113633	3113701-3113729	3113913-3113977
5248	277054232880128	277054232897152	277057053666944	5263	277057053737152	277057053745152	5264	277057868510656	2820769792	122092	122263-122319	3039702-3039730	3039796	3039798-3039826	3114082-3114150
5515	277054242041472	277054242055616	277057858439808	5514	277057868482624	277057868489088	5516	277057878596672	3616384192	147194	147219-147275	3113701-3113729	3113978	3113980-3114008	3114289-3114353
5363	277054224197952	277054224210752	277057050563008	5362	277057050631168	277057050640768	4938	277057878621056	2826352256	103781	103807-103863	3035973-3036001	3036067	3036069-3036097	3114355-3114423
5516	277054242202496	277054242219776	277057868489088	5515	277057878600576	277057878633152	5518	277057888728640	3626269312	147843	147868-147924	3113980-3114008	3114354	3114426-3114454	3114598-3114662
5264	277054232898944	277054232920128	277057053745152	5248	277057053850240	277057053852800	5249	277057888786688	2820825024	122370	122475-122531	3039798-3039826	3039892	3039894-3039922	3114664-3114732
5518	277054242265216	277054242281344	277057878633152	5516	277057888734976	277057888809152	5517	277057898864896	3636351808	148157	148182-148238	3114426-3114454	3114663	3114735-3114763	3118590-3118654
5517	277054242223168	277054242337920	277057888809152	5518	277057898866560	277057898885056	5519	277057908985792	3646471232	147944	148241-148297	3114735-3114763	3118655	3118657-3118685	3118686-3118750
5249	277054232953024	277054232969280	277057053852800	5264	277057053980352	277057053983104	5410	277057909041344	2820883520	122933	123120-123176	3039894-3039922	3039988	3039990-3040018	3118752-3118812
5482	277054239663552	277054239701312	277057350386944	5481	277057361024896	277057361061440	5483	277057909048960	3110685632	138839	138864-138920	3073732-3073760	3074032	3074034-3074062	3118844-3118908
5485	277054239817408	277054239844736	277057381408896	5484	277057391593344	277057391637952	5486	277057909053056	3141564160	139161	139186-139242	3074447-3074475	3074679	3074773-3074801	3118910-3118974
5519	277054242451904	277054242475072	277057898885056	5517	277057909019520	277057909046464	5520	277057919162496	3656409984	148835	148860-148916	3118657-3118685	3118751	3118815-3118843	3119720-3119784
5520	277054242480192	277054242523584	277057909046464	5519	277057919165568	277057919203968	5521	277057929294976	3666522880	148936	148961-149017	3118815-3118843	3119785	3119787-3119815	3119816-3119880
5410	277054232972160	277054232988352	277057053983104	5249	277057054107648	277057054110848	5411	277057929325248	2820994752	123219	123294-123350	3039990-3040018	3040084	3040086-3040114	3119882-3119946
5461	277054239275392	277054240370752	277057462939520	5460	277057473094720	277057473256960	5462	277057929328512	3222568768	138013	140711-140767	3098758-3098786	3098969	3099099-3099127	3119947-3120007
5486	277054239869440	277054239900032	277057391637952	5485	277057401680640	277057401721216	5487	277057929332416	3151737920	139289	139314-139370	3074773-3074801	3095854	3095856-3095884	3120038-3120106
5521	277054242831488	277054242866560	277057919203968	5520	277057929299328	277057929332160	5522	277057939472640	3676337408	149961	149986-150042	3119787-3119815	3119881	3120009-3120037	3120224-3120284
5522	277054242869120	277054242895168	277057929332160	5521	277057939479680	277057939534272	5523	277057949610368	3686436992	150044	150069-150125	3120009-3120037	3120285	3120287-3120315	3120647-3120711
5462	277054239278784	277054240430912	277057473256960	5461	277057483275392	277057483311872	5463	277057949623488	3232826048	138024	140956-141012	3099099-3099127	3100338	3100340-3100368	3120713-3120777
5523	277054242954880	277054242983360	277057939534272	5522	277057949615040	277057949649600	5524	277057959765312	3696550912	150314	150339-150395	3120287-3120315	3120712	3120799-3120827	3121479-3121543
5524	277054243083328	277054243101056	277057949649600	5523	277057959771136	277057959835008	5525	277057969894464	3706548544	150949	150974-151030	3120799-3120827	3121544	3121546-3121574	3122001-3122065
5472	277054239321152	277054240707008	277057574694848	5471	277057584623872	277057584654080	5473	277057969908672	3333987840	138134	141948-142004	3104336-3104364	3104976	3104978-3105006	3122067-3122127
5525	277054243104448	277054243119680	277057959835008	5524	277057969898048	277057969935296	5526	277057980022784	3716715328	151050	151075-151131	3121546-3121574	3122066	3122131-3122159	3122301-3122365
5463	277054239283712	277054240452544	277057483311872	5462	277057493399232	277057493449664	5464	277057980047808	3242859328	138035	141015-141071	3100340-3100368	3100430	3100634-3100662	3122367-3122431
5487	277054239905600	277054239937472	277057401721216	5486	277057411850432	277057411981760	5488	277057980051584	3161783744	139372	139397-139453	3095856-3095884	3095946	3096138-3096166	3122433-3122493
5526	277054243156992	277054243257792	277057969935296	5525	277057980026304	277057980058688	5527	277057990189248	3726677504	151449	151661-151717	3122131-3122159	3122366	3122505-3122533	3123223-3123291
5527	277054243333376	277054243354048	277057980058688	5526	277057990201792	277057990282688	5528	277058000298944	3736704640	152240	152266-152322	3122505-3122533	3123292	3123294-3123322	3123605-3123665
5473	277054239326272	277054240737024	277057584654080	5472	277057594749056	277057594772736	5474	277058000325952	3343917056	138145	142007-142063	3104978-3105006	3105349	3105351-3105379	3123697-3123761
5528	277054243390592	277054243406656	277057990282688	5527	277058000301888	277058000325760	5543	277058010434432	3746876032	152658	152683-152739	3123294-3123322	3123666	3123668-3123696	3124853-3124917
5543	277054248568960	277054248622976	277058000325760	5528	277058010439168	277058010476352	5544	277058020564224	3751702784	159592	159617-159673	3123668-3123696	3124918	3124920-3124948	3125413-3125477
5474	277054239330752	277054240755840	277057594772736	5473	277057604880064	277057604956416	5475	277058020639424	3354016896	138156	142065-142121	3105351-3105379	3105577	3105645-3105673	3125479-3125543
5465	277054239292160	277054240484480	277057503571136	5464	277057513631552	277057513664640	5466	277058020651648	3263086656	138057	141131-141187	3100730-3100758	3101149	3101213-3101241	3125545-3125609
5544	277054248687808	277054248714112	277058010476352	5543	277058020571520	277058020658688	5545	277058030702976	3761762240	159924	159949-160005	3124920-3124948	3125478	3125612-3125640	3125921-3125985
5489	277054240033024	277054240053440	277057422572224	5488	277057432541504	277057432575360	5490	277058030730624	3182518784	139611	139636-139692	3096234-3096262	3096611	3096675-3096703	3125987-3126051
5545	277054248717120	277054248734336	277058020658688	5544	277058030708032	277058030745600	5546	277058040861440	3771924352	160007	160032-160088	3125612-3125640	3125986	3126136-3126164	3126635-3126699
5546	277054248736640	277054248753024	277058030745600	5545	277058040925760	277058040973632	5548	277058050955456	3781992576	160090	160115-160171	3126136-3126164	3126700	3126702-3126730	3127018-3127082
5475	277054239335104	277054240811904	277057604956416	5474	277057614977984	277057615000448	5476	277058050983040	3364144512	138167	142311-142367	3105645-3105673	3105880	3105882-3105910	3127084-3127148
5548	277054248831360	277054248850176	277058040973632	5546	277058050958400	277058050987520	5549	277058061073920	3792123456	160385	160410-160466	3126702-3126730	3127083	3127151-3127179	3127596-3127656
5549	277054248852608	277054248870016	277058050987520	5548	277058061083008	277058061158336	5550	277058071204288	3802117504	160468	160493-160549	3127151-3127179	3127657	3127659-3127687	3127974-3128034
5467	277054239300672	277054240562624	277057523836800	5466	277057533866432	277057533900608	5468	277058071227072	3283274176	138079	141471-141527	3102409-3102437	3102840	3102972-3103000	3128036-3128100
5550	277054248872192	277054248886464	277058061158336	5549	277058071209792	277058071253376	5551	277058081335616	3812271872	160551	160576-160632	3127659-3127687	3128035	3128103-3128131	3128407-3128471
5491	277054240112640	277054240132864	277057442713664	5490	277057452769792	277057452810880	5460	277058081368192	3202580800	139852	139878-139934	3097698-3097726	3098195	3098337-3098365	3128535-3128599
5551	277054248888320	277054248904192	277058071253376	5550	277058081342272	277058081371328	5552	277058091457024	3822349184	160634	160659-160715	3128103-3128131	3128472	3128601-3128629	3128795-3128859
5468	277054239303616	277054240579904	277057533900608	5467	277057544037184	277057544108992	5469	277058091516288	3293320704	138090	141529-141585	3102972-3103000	3103220	3103288-3103316	3128861-3128925
5552	277054248952064	277054248987584	277058081371328	5551	277058091468288	277058091556096	5553	277058101602880	3832383744	160904	160929-160985	3128601-3128629	3128860	3128928-3128956	3129098-3129158
5460	277054239271488	277054240351488	277057452810880	5491	277057462900032	277057462939520	5461	277058101635072	3212459392	138002	140652-140708	3098337-3098365	3098690	3098758-3098786	3129160-3129224
5553	277054248992640	277054249027008	277058091556096	5552	277058101606656	277058101638144	5554	277058111789312	3842529088	160987	161013-161069	3128928-3128956	3129159	3129226-3129254	3134170-3134230
5554	277054249089536	277054249107712	277058101638144	5553	277058111890432	277058111976192	5555	277058121945664	3852530432	161258	161283-161339	3129226-3129254	3134293	3134295-3134323	3137061-3137125
5555	277054249110528	277054249127360	277058111976192	5554	277058121950976	277058122049152	5556	277058132122496	3862848832	161341	161366-161422	3134295-3134323	3137126	3137129-3137157	3137631-3137691
5556	277054249130496	277054249145920	277058122049152	5555	277058132128256	277058132170112	5557	277058142340800	3872903232	161424	161449-161505	3137129-3137157	3137692	3137764-3137792	3140069-3140133
5557	277054249148672	277054249165440	277058132170112	5556	277058142351744	277058142409216	5558	277058152673792	3883004672	161507	161532-161588	3137764-3137792	3140161	3140221-3140249	3141322-3141386
5558	277054249209088	277054249228864	277058142409216	5557	277058152678272	277058152716864	5365	277058162788736	3893180352	161767	161792-161848	3140221-3140249	3141387	3141455-3141483	3142780-3142848
5365	277054248534848	277054249256768	277058152716864	5558	277058162796288	277058162860800	5366	277058172892288	3903460096	159393	161886-161942	3141455-3141483	3142849	3142917-3142945	3142946-3143006
5366	277054248536768	277054249272000	277058162860800	5365	277058172897152	277058172934464	5367	277058183080064	3913588800	159404	161944-162000	3142917-3142945	3143007	3143133-3143161	3143917-3143981
5367	277054248538752	277054249290048	277058172934464	5366	277058183094144	277058183280512	5368	277058193214144	3923644416	159415	162003-162059	3143133-3143161	3143982	3143984-3144012	3144013-3144073
5368	277054248545280	277054249383168	277058183280512	5367	277058193216832	277058193241216	5369	277058203322240	3933897344	159427	162248-162304	3143984-3144012	3144074	3144137-3144165	3144598-3144658
5369	277054248547136	277054249407936	277058193241216	5368	277058203324416	277058203344192	5370	277058213415168	3943833280	159438	162306-162362	3144137-3144165	3144659	3144661-3144689	3144833-3144893
5370	277054248548800	277054249432576	277058203344192	5369	277058213417664	277058213447680	5371	277058223532864	3953911616	159449	162365-162421	3144661-3144689	3144894	3144961-3144989	3145765-3145829
5371	277054248550272	277054249509120	277058213447680	5370	277058223534336	277058223556352	5372	277058233657216	3963938560	159460	162601-162657	3144961-3144989	3145830	3145832-3145860	3145933-3145997
5372	277054248551552	277054249524224	277058223556352	5371	277058233660416	277058233682176	5373	277058234653376	3974032128	159471	162659-162715	3145832-3145860	3145998	3146000-3146028	3146302-3146366
5373	277054248553152	277054249540160	277058233682176	5372	277058234694208	277058234709440	5374	277058243792576	3984142016	159482	162717-162773	3146000-3146028	3146493	3146496-3146524	3525756-3525820
5374	277054248554560	277054249555264	277058234709440	5373	277058243795904	277058243827648	5375	277058253933248	3985154176	159493	162775-162831	3146496-3146524	3525822	3525824-3525852	3526825-3526885
5375	277054248556096	277054249573440	277058243827648	5374	277058253938944	277058254016960	5376	277058264051712	3994254208	159504	162833-162889	3525824-3525852	3526886	3526888-3526916	3527714-3527778
5376	277054248557632	277054249639232	277058254016960	5375	277058264054656	277058264087680	5377	277058274172736	4004377728	159515	163068-163124	3526888-3526916	3527779	3527846-3527874	3528629-3528689
5377	277054248559360	277054249667136	277058264087680	5376	277058274175744	277058274209600	5538	277058284282112	4014420544	159526	163126-163182	3527846-3527874	3528690	3528692-3528720	3529083-3529147
5538	277054248560896	277054249682560	277058274209600	5377	277058284286848	277058284332544	5539	277058294396608	4024527040	159537	163184-163240	3528692-3528720	3529148	3529215-3529243	3529663-3529727
5539	277054248562368	277054249700544	277058284332544	5538	277058294400768	277058294451648	5540	277058304500096	4034632000	159548	163279-163335	3529215-3529243	3529728	3529730-3529758	3530044-3530108
5540	277054248564096	277054249772032	277058294451648	5539	277058304504064	277058304539968	5541	277058314607232	4044679616	159559	163513-163569	3529730-3529758	3530109	3530174-3530202	3530781-3530845
5541	277054248565760	277054249790912	277058304539968	5540	277058314611392	277058314663808	5542	277058324851392	4054749056	159570	163571-163627	3530174-3530202	3530848	3530924-3530952	3531210-3531270
5542	277054248567424	277054249810240	277058314663808	5541	277058324948864	277058325021888	5547	277058334977984	4064853568	159581	163629-163685	3530924-3530952	3531310	3531377-3531405	3532654-3532718
5547	277054248758080	277054249827584	277058325021888	5542	277058334979712	277058334986304	5559	277058345104704	4075194304	160173	163705-163761	3531377-3531405	3532719	3532721-3532749	3532750-3532814
5559	277054250270976	277054250296192	277058334986304	5547	277058345107200	277058345127168	5560	277058355315776	4084690112	165176	165201-165257	3532721-3532749	3532815	3532882-3532910	3533290-3533350
5560	277054250302208	277054250319168	277058345127168	5559	277058355323072	277058355404160	5561	277058365437248	4094808000	165259	165284-165340	3532882-3532910	3533351	3533353-3533381	3534851-3534919
5561	277054250322240	277054250339456	277058355404160	5560	277058365439872	277058365472448	5562	277058375538816	4105064704	165342	165368-165424	3533353-3533381	3534920	3534922-3534950	3535110-3535174
5562	277054250342016	277054250359360	277058365472448	5561	277058375541824	277058375571072	5563	277058385721024	4115113088	165426	165451-165507	3534922-3534950	3535175	3535242-3535270	3536039-3536099
5563	277054250403584	277054250419200	277058375571072	5562	277058385748160	277058385775936	5564	277058395891392	4125151872	165697	165722-165778	3535242-3535270	3536100	3536169-3536197	3536793-3536857
5564	277054250421696	277054250438144	277058385775936	5563	277058395902720	277058396020928	5565	277058406021312	4135337792	165780	165805-165861	3536169-3536197	3536858	3536927-3536955	3537549-3537613
5565	277054250440704	277054250455616	277058396020928	5564	277058406025216	277058406066944	5566	277058416156992	4145565312	165863	165888-165944	3536927-3536955	3537614	3537692-3537720	3538124-3538188
5566	277054250457920	277054250475456	277058406066944	5565	277058416159232	277058416187712	5567	277058426270016	4155591488	165946	165972-166028	3537692-3537720	3538189	3538191-3538219	3540012-3540072
5567	277054250477632	277054250492096	277058416187712	5566	277058426275264	277058426330176	5568	277058436450944	4165695616	166030	166055-166111	3538191-3538219	3540073	3540075-3540103	3540517-3540581
5568	277054250544384	277054250569664	277058426330176	5567	277058436477184	277058436491392	5569	277058446622464	4175760512	166300	166325-166381	3540075-3540103	3540582	3540584-3540612	3541776-3541840
5569	277054250582848	277054250597952	277058436491392	5568	277058446626048	277058446655552	5570	277058456818496	4185893440	166383	166408-166464	3540584-3540612	3541841	3541843-3541871	3541986-3542046
5570	277054250600704	277054250618048	277058446655552	5569	277058456844992	277058457077248	5571	277058467043584	4196037504	166466	166491-166547	3541843-3541871	3542047	3542362-3542390	3542796-3542860
5571	277054250620352	277054250635008	277058457077248	5570	277058467049472	277058467109568	5572	277058477209664	4206442240	166549	166574-166630	3542362-3542390	3542861	3542863-3542891	3542892-3542956
