waiter	park	grant	incoming_waker	first_run	ready_ns	outgoing_release	run_to_outgoing_release_ns	park_ref	grant_ref	run_ref
4970	277054191954560	277054661603328	4969	277054661626880	23552			28102-28158	1030861-1030889	1031076
4969	277054191920448	277054657451072	4968	277054661597376	4146304	277054661603328	5952	28041-28097	1023647-1023675	1030860
4968	277054191887936	277054647219520	4967	277054657414208	10194688	277054657451072	36864	27982-28038	997425-997453	1023593
4967	277054191857664	277054637106112	4966	277054647188544	10082432	277054647219520	30976	27924-27980	989228-989256	997357
4966	277054191825856	277054629258624	4965	277054637085824	7827200	277054637106112	20288	27866-27922	988537-988565	989227
4965	277054191797248	277054624426304	4964	277054629246528	4820224	277054629258624	12096	27807-27863	978407-978435	988536
4964	277054191772544	277054616972160	4963	277054624385088	7412928	277054624426304	41216	27749-27805	968306-968334	978406
4963	277054191749568	277054609818240	4962	277054616846400	7028160	277054616972160	125760	27691-27747	942685-942713	968172
4962	277054191722432	277054596849472	4961	277054609765760	12916288	277054609818240	52480	27632-27688	924747-924775	942552
4961	277054191696960	277054592430784	4960	277054596838400	4407616	277054596849472	11072	27574-27630	892442-892470	924690
4960	277054191673216	277054576502848	4959	277054592423169	15920321	277054592430784	7615	27516-27572	871850-871878	892368
4959	277054191650176	277054563070400	4958	277054576494336	13423936	277054576502848	8512	27458-27514	869806-869834	871849
4958	277054191626368	277054562825216	4957	277054563064000	238784	277054563070400	6400	27400-27456	868737-868765	869805
4957	277054191600576	277054561113856	4956	277054562819328	1705472	277054562825216	5888	27341-27397	862640-862668	868669
4956	277054191574656	277054556164736	4955	277054561100992	4936256	277054561113856	12864	27282-27338	830383-830411	862621
4955	277054191502784	277054536233280	4954	277054556085952	19852672	277054556164736	78784	27156-27212	814616-814644	830062
4954	277054191485568	277054533287680	4953	277054536227584	2939904	277054536233280	5696	27098-27154	807708-807736	814614
4953	277054191470208	277054528427136	4952	277054533282496	4855360	277054533287680	5184	27040-27096	796039-796067	807707
4952	277054191454656	277054523347072	5018	277054528410240	5063168	277054528427136	16896	26982-27038	778009-778037	796038
5018	277054191438592	277054514958016	4999	277054523316800	8358784	277054523347072	30272	26924-26980	757387-757415	777934
4999	277054191019520	277054501260928	4949	277054514948480	13687552	277054514958016	9536	26367-26423	728060-728088	757386
4949	277054190964864	277054498144768	4948	277054501254144	3109376	277054501260928	6784	26284-26340	719507-719535	728059
4948	277054190920704	277054495457152	4947	277054498138304	2681152	277054498144768	6464	26226-26282	708424-708452	719506
4947	277054190894016	277054481623488	4946	277054495433344	13809856	277054495457152	23808	26167-26223	681122-681150	708422
4946	277054190867712	277054468734528	4929	277054481615680	12881152	277054481623488	7808	26109-26165	652543-652571	681121
4929	277054190838464	277054468662336	4928	277054468727936	65600	277054468734528	6592	26051-26107	652513-652541	652542
4928	277054190813760	277054465224576	4927	277054468653568	3428992	277054468662336	8768	25993-26049	643559-643587	652512
4927	277054190788992	277054450750848	4926	277054465206784	14455936	277054465224576	17792	25935-25991	605514-605542	643558
4926	277054190763840	277054448137216	4925	277054450714944	2577728	277054450750848	35904	25877-25933	604520-604548	605513
4925	277054190738816	277054434432768	4924	277054448091520	13658752	277054448137216	45696	25818-25874	572821-572849	604170
4924	277054190709056	277054433137216	4923	277054434426112	1288896	277054434432768	6656	25760-25816	568077-568105	572820
4923	277054190682816	277054417772352	4922	277054433122944	15350592	277054433137216	14272	25702-25758	538186-538214	568035
4922	277054190666880	277054417098048	4921	277054417759296	661248	277054417772352	13056	25644-25700	534688-534716	538185
4921	277054190651072	277054407657664	4920	277054417084416	9426752	277054417098048	13632	25585-25641	501497-501525	534636
4920	277054190635904	277054392890624	4919	277054407600576	14709952	277054407657664	57088	25527-25583	488611-488639	501495
4919	277054190621120	277054392263104	4918	277054392875200	612096	277054392890624	15424	25469-25525	488058-488086	488610
4918	277054190605568	277054382176704	4917	277054392250816	10074112	277054392263104	12288	25411-25467	439897-439925	487982
4917	277054190588544	277054382064704	4916	277054382170304	105600	277054382176704	6400	25352-25408	439212-439240	439840
4916	277054190569856	277054371971904	4998	277054382034944	10063040	277054382064704	29760	25294-25350	409175-409203	438781
4998	277054190544512	277054351809344	4997	277054371893504	20084160	277054371971904	78400	25236-25292	375381-375409	408923
4997	277054190515136	277054341449408	4996	277054351798720	10349312	277054351809344	10624	25152-25208	374100-374128	375380
4996	277054190496320	277054341366656	4995	277054341433024	66368	277054341449408	16384	25069-25125	374070-374098	374099
4995	277054190476544	277054335950848	4994	277054341344064	5393216	277054341366656	22592	24986-25042	353213-353241	374069
4994	277054190443776	277054323420288	4993	277054335942656	12522368	277054335950848	8192	24902-24958	331563-331591	353141
4993	277054190422464	277054311335936	4992	277054323394176	12058240	277054323420288	26112	24819-24875	312062-312090	331562
4992	277054190403200	277054310753344	4991	277054311328960	575616	277054311335936	6976	24736-24792	309436-309464	312061
4991	277054190380288	277054300160448	4990	277054310745856	10585408	277054310753344	7488	24653-24709	281844-281872	309435
4990	277054190359488	277054294272320	4989	277054300153408	5881088	277054300160448	7040	24570-24626	268795-268823	281793
4989	277054190335680	277054283675712	4988	277054294263232	10587520	277054294272320	9088	24487-24543	242692-242720	268794
4988	277054190315392	277054276930496	4987	277054283667904	6737408	277054283675712	7808	24404-24460	225852-225880	242691
4987	277054190293184	277054269092544	4986	277054276920960	7828416	277054276930496	9536	24321-24377	212049-212077	225851
4986	277054190271168	277054260017920	4985	277054269084608	9066688	277054269092544	7936	24238-24294	186932-186960	212048
4985	277054190233600	277054255445760	4984	277054260009280	4563520	277054260017920	8640	24155-24211	172093-172121	186931
4984	277054190194240	277054243490432	4951	277054255341952	11851520	277054255445760	103808	24072-24128	152741-152769	172092
4951	277054189630016	277054234279168	4950	277054243481344	9202176	277054243490432	9088	23545-23601	131749-131777	152740
4950	277054189537536	277054233436416	4936	277054234272704	836288	277054234279168	6464	23233-23289	128635-128663	131748
4936	277054184720768	277054224283648	4935	277054233428800	9145152	277054233436416	7616	7389-7445	103865-103893	128634
4935	277054171141696	277054211350272	4934	277054224276288	12926016	277054224283648	7360	5242-5298	78691-78719	103864
4934	277054171044800	277054210338496	4933	277054211344064	1005568	277054211350272	6208	4636-4692	74516-74544	78690
4933	277054170990848	277054204559872	4932	277054210328576	5768704	277054210338496	9920	4217-4273	49246-49274	74514
4932	277054170961536	277054184733184	4931	277054204529600	19796416	277054204559872	30272	4133-4189	7524-7552	49232
