timestamp	genesis_offset_ms	component	event_kind	method	proxy_sequence	inner_timestamp_display	collector_delay_min_ms	collector_delay_max_ms	source_anchor	detail
2026-09-05T01:30:12.117788Z	12117.788	beacon	log			2026-09-05 01:30:12.11	0.000	7.788	/tmp/prysm-r2-extra-logs.Rd7MjT/extracted/round2-169/beacon.log:516	[2026-09-05 01:30:12.11]  INFO blockchain: Attempted late block reorg aborted due to attestations at 12 seconds root=0x1a40155d770d5a166e5976f7f9c1804026797f51b522c4959fdcde7fcaa010d1 weight=0
2026-09-05T01:30:12.117835Z	12117.835	beacon	log			2026-09-05 01:30:12.11	0.000	7.835	/tmp/prysm-r2-extra-logs.Rd7MjT/extracted/round2-169/beacon.log:517	[2026-09-05 01:30:12.11]  INFO blockchain: Chain reorg occurred commonAncestorRoot=0x1a40155d770d5a166e5976f7f9c1804026797f51b522c4959fdcde7fcaa010d1 depth=0 distance=0 newRoot=0x1a40155d770d5a166e5976f7f9c1804026797f51b522c4959fdcde7fcaa010d1 newSlot=0 newWeight=0 oldRoot=0x1a40155d770d5a166e5976f7f9c1804026797f51b522c4959fdcde7fcaa010d1 oldSlot=0 oldWeight=0
2026-09-05T01:30:12.166756Z	12166.756	execution	log						/tmp/prysm-r2-extra-logs.Rd7MjT/extracted/round2-169/execution.log:83	INFO [09-05|01:30:12.165] Starting work on payload                 id=0x0466ae591b684070
2026-09-05T01:30:12.166802Z	12166.802	execution	log						/tmp/prysm-r2-extra-logs.Rd7MjT/extracted/round2-169/execution.log:84	"INFO [09-05|01:30:12.166] Updated payload                          id=0x0466ae591b684070 number=1 hash=e2b9ff..f90179 txs=0 withdrawals=0 gas=0 fees=0 root=44fe4d..c62d34 elapsed=""716.623µs"" balhash=0x53dba6f952f5417d121c3973508e53acf63c190d4e4ad239cca4895e06703a40"
2026-09-05T01:30:12.166999Z	12166.999	engine_proxy	request	engine_forkchoiceUpdatedV4	709				/tmp/prysm-r2-extra-logs.Rd7MjT/extracted/round2-169/snooper-engine.log:31640	"{""id"":201,""jsonrpc"":""2.0"",""method"":""engine_forkchoiceUpdatedV4"",""params"":[{""finalizedBlockHash"":""0x0000000000000000000000000000000000000000000000000000000000000000"",""headBlockHash"":""0x296b50f55c753beccc0b4eb627b1526fc98c0b775e18424a18c7e006dfe775a1"",""safeBlockHash"":""0x0000000000000000000000000000000000000000000000000000000000000000""},{""parentBeaconBlockRoot"":""0x1a40155d770d5a166e5976f7f9c1804026797f51b522c4959fdcde7fcaa010d1"",""prevRandao"":""0x296b50f55c753beccc0b4eb627b1526fc98c0b775e18424a18c7e006dfe775a1"",""slotNumber"":""0x1"",""suggestedFeeRecipient"":""0x0000000000000000000000000000000000000000"",""targetGasLimit"":""0xbebc200"",""timestamp"":""0x6a9b70a4"",""withdrawals"":[]}]}"
2026-09-05T01:30:12.167372Z	12167.372	engine_proxy	response	engine_forkchoiceUpdatedV4	709				/tmp/prysm-r2-extra-logs.Rd7MjT/extracted/round2-169/snooper-engine.log:31663	"{""id"":201,""jsonrpc"":""2.0"",""result"":{""payloadId"":""0x0466ae591b684070"",""payloadStatus"":{""latestValidHash"":""0x296b50f55c753beccc0b4eb627b1526fc98c0b775e18424a18c7e006dfe775a1"",""status"":""VALID"",""validationError"":null}}}"
2026-09-05T01:30:14.772567Z	14772.567	engine_proxy	request	eth_getBlockByNumber	710				/tmp/prysm-r2-extra-logs.Rd7MjT/extracted/round2-169/snooper-engine.log:31677	"{""id"":202,""jsonrpc"":""2.0"",""method"":""eth_getBlockByNumber"",""params"":[""latest"",false]}"
2026-09-05T01:30:14.773036Z	14773.036	engine_proxy	response	eth_getBlockByNumber	710				/tmp/prysm-r2-extra-logs.Rd7MjT/extracted/round2-169/snooper-engine.log:31688	"{""id"":202,""jsonrpc"":""2.0"",""result"":{""baseFeePerGas"":""0x3b9aca00"",""blobGasUsed"":""0x0"",""blockAccessListHash"":""0x1dcc4de8dec75d7aab85b567b6ccd41ad312451b948a7413f0a142fd40d49347"",""difficulty"":""0x0"",""excessBlobGas"":""0x0"",""extraData"":""0x"",""gasLimit"":""0xbebc200"",""gasUsed"":""0x0"",""hash"":""0x296b50f55c753beccc0b4eb627b1526fc98c0b775e18424a18c7e006dfe775a1"",""logsBloom"":""0x00000000000000000000000000000000...00000000000000000000000000000000 <256 bytes>"",""miner"":""0x0000000000000000000000000000000000000000"",""mixHash"":""0x0000000000000000000000000000000000000000000000000000000000000000"",""nonce"":""0x0000000000001234"",""number"":""0x0"",""parentBeaconBlockRoot"":""0x0000000000000000000000000000000000000000000000000000000000000000"",""parentHash"":""0x0000000000000000000000000000000000000000000000000000000000000000"",""receiptsRoot"":""0x56e81f171bcc55a6ff8345e692c0f86e5b48e01b996cadc001622fb5e363b421"",""requestsHash"":""0xe3b0c44298fc1c149afbf4c8996fb92427ae41e4649b934ca495991b7852b855"",""sha3Uncles"":""0x1dcc4de8dec75d7aab85b567b6ccd41ad312451b948a7413f0a142fd40d49347"",""size"":""0x28a"",""slotNumber"":""0x0"",""stateRoot"":""0xc05a5b65ec2720eba19aefe5584a16038c6ee35feba35b91e2debdac4be4f9a5"",""timestamp"":""0x6a9b7098"",""transactions"":[],""transactionsRoot"":""0x56e81f171bcc55a6ff8345e692c0f86e5b48e01b996cadc001622fb5e363b421"",""uncles"":[],""withdrawals"":[],""withdrawalsRoot"":""0x56e81f171bcc55a6ff8345e692c0f86e5b48e01b996cadc001622fb5e363b421""}}"
2026-09-05T01:30:15.022065Z	15022.065	beacon	log			2026-09-05 01:30:15.01	2.065	12.065	/tmp/prysm-r2-extra-logs.Rd7MjT/extracted/round2-169/beacon.log:518	[2026-09-05 01:30:15.01] ERROR execution: Beacon node is not respecting the follow distance. EL client is syncing. lastBlockNumber=0
2026-09-05T01:30:21.915067Z	21915.067	validator	log			2026-09-05 01:30:21.91	0.000	5.067	/tmp/prysm-r2-extra-logs.Rd7MjT/extracted/round2-169/validator.log:686	[2026-09-05 01:30:21.91]  INFO client: Skipping payload attestation: no block for slot slot=1
2026-09-05T01:30:24.001278Z	24001.278	validator	log			2026-09-05 01:30:24.00	0.000	1.278	/tmp/prysm-r2-extra-logs.Rd7MjT/extracted/round2-169/validator.log:687	[2026-09-05 01:30:24.00] ERROR client: Could not request payload attestation data error=PayloadAttestationData: rpc error: code = DeadlineExceeded desc = context deadline exceeded
2026-09-05T01:30:24.002384Z	24002.384	validator	log			2026-09-05 01:30:24.00	0.000	2.384	/tmp/prysm-r2-extra-logs.Rd7MjT/extracted/round2-169/validator.log:688	[2026-09-05 01:30:24.00] ERROR client: Could not request attestation to sign at slot error=rpc error: code = DeadlineExceeded desc = context deadline exceeded pubkey=0xb3b8362f5353 slot=1
2026-09-05T01:30:24.002431Z	24002.431	validator	log			2026-09-05 01:30:24.00	0.000	2.431	/tmp/prysm-r2-extra-logs.Rd7MjT/extracted/round2-169/validator.log:689	[2026-09-05 01:30:24.00] ERROR client: Could not request sync message block root to sign error=rpc error: code = DeadlineExceeded desc = context deadline exceeded
2026-09-05T01:30:24.002437Z	24002.437	validator	log			2026-09-05 01:30:24.00	0.000	2.437	/tmp/prysm-r2-extra-logs.Rd7MjT/extracted/round2-169/validator.log:690	[2026-09-05 01:30:24.00] ERROR client: Could not request sync message block root to sign error=rpc error: code = DeadlineExceeded desc = context deadline exceeded
2026-09-05T01:30:24.002441Z	24002.441	validator	log			2026-09-05 01:30:24.00	0.000	2.441	/tmp/prysm-r2-extra-logs.Rd7MjT/extracted/round2-169/validator.log:691	[2026-09-05 01:30:24.00] ERROR client: Could not request payload attestation data error=PayloadAttestationData: rpc error: code = DeadlineExceeded desc = context deadline exceeded
2026-09-05T01:30:24.002444Z	24002.444	validator	log			2026-09-05 01:30:24.00	0.000	2.444	/tmp/prysm-r2-extra-logs.Rd7MjT/extracted/round2-169/validator.log:692	[2026-09-05 01:30:24.00] ERROR client: Could not request attestation to sign at slot error=rpc error: code = DeadlineExceeded desc = context deadline exceeded pubkey=0xa967d05b123e slot=1
2026-09-05T01:30:24.002448Z	24002.448	validator	log			2026-09-05 01:30:24.00	0.000	2.448	/tmp/prysm-r2-extra-logs.Rd7MjT/extracted/round2-169/validator.log:693	[2026-09-05 01:30:24.00] ERROR client: Could not request attestation to sign at slot error=rpc error: code = DeadlineExceeded desc = context deadline exceeded pubkey=0x9645f380f8a8 slot=1
2026-09-05T01:30:24.002452Z	24002.452	validator	log			2026-09-05 01:30:24.00	0.000	2.452	/tmp/prysm-r2-extra-logs.Rd7MjT/extracted/round2-169/validator.log:694	[2026-09-05 01:30:24.00] ERROR client: Failed to sign randao reveal error=could not get domain data: rpc error: code = DeadlineExceeded desc = context deadline exceeded pubkey=0xa7120c370e8c
2026-09-05T01:30:24.002456Z	24002.456	validator	log			2026-09-05 01:30:24.00	0.000	2.456	/tmp/prysm-r2-extra-logs.Rd7MjT/extracted/round2-169/validator.log:695	[2026-09-05 01:30:24.00] ERROR client: Could not request attestation to sign at slot error=rpc error: code = DeadlineExceeded desc = context deadline exceeded pubkey=0x84b012d731dc slot=1
2026-09-05T01:30:24.002459Z	24002.459	validator	log			2026-09-05 01:30:24.00	0.000	2.459	/tmp/prysm-r2-extra-logs.Rd7MjT/extracted/round2-169/validator.log:696	[2026-09-05 01:30:24.00] ERROR client: Could not request payload attestation data error=PayloadAttestationData: rpc error: code = DeadlineExceeded desc = context deadline exceeded
2026-09-05T01:30:24.002464Z	24002.464	validator	log			2026-09-05 01:30:24.00	0.000	2.464	/tmp/prysm-r2-extra-logs.Rd7MjT/extracted/round2-169/validator.log:697	[2026-09-05 01:30:24.00] ERROR client: Could not request attestation to sign at slot error=rpc error: code = DeadlineExceeded desc = context deadline exceeded pubkey=0x847c62ec2767 slot=1
2026-09-05T01:30:24.002467Z	24002.467	validator	log			2026-09-05 01:30:24.00	0.000	2.467	/tmp/prysm-r2-extra-logs.Rd7MjT/extracted/round2-169/validator.log:698	[2026-09-05 01:30:24.00] ERROR client: Could not request attestation to sign at slot error=rpc error: code = DeadlineExceeded desc = context deadline exceeded pubkey=0x8574a741966b slot=1
2026-09-05T01:30:24.003048Z	24003.048	validator	log			2026-09-05 01:30:24.00	0.000	3.048	/tmp/prysm-r2-extra-logs.Rd7MjT/extracted/round2-169/validator.log:699	[2026-09-05 01:30:24.00] ERROR client: Could not request attestation to sign at slot error=rpc error: code = DeadlineExceeded desc = context deadline exceeded pubkey=0x870be3b2fb2b slot=1
2026-09-05T01:30:24.003338Z	24003.338	validator	log			2026-09-05 01:30:24.00	0.000	3.338	/tmp/prysm-r2-extra-logs.Rd7MjT/extracted/round2-169/validator.log:700	[2026-09-05 01:30:24.00] ERROR client: Could not request attestation to sign at slot error=rpc error: code = DeadlineExceeded desc = context deadline exceeded pubkey=0x97fd7880fb7a slot=1
2026-09-05T01:30:24.004552Z	24004.552	validator	log			2026-09-05 01:30:24.00	0.000	4.552	/tmp/prysm-r2-extra-logs.Rd7MjT/extracted/round2-169/validator.log:701	[2026-09-05 01:30:24.00] ERROR client: Could not request attestation to sign at slot error=rpc error: code = DeadlineExceeded desc = context deadline exceeded pubkey=0xaf1a4f312eb7 slot=1
2026-09-05T01:30:24.004567Z	24004.567	validator	log			2026-09-05 01:30:24.00	0.000	4.567	/tmp/prysm-r2-extra-logs.Rd7MjT/extracted/round2-169/validator.log:702	[2026-09-05 01:30:24.00] ERROR client: Could not request attestation to sign at slot error=rpc error: code = DeadlineExceeded desc = context deadline exceeded pubkey=0xb54ff6a4e3fe slot=1
2026-09-05T01:30:24.004674Z	24004.674	validator	log			2026-09-05 01:30:24.00	0.000	4.674	/tmp/prysm-r2-extra-logs.Rd7MjT/extracted/round2-169/validator.log:703	[2026-09-05 01:30:24.00] ERROR client: Could not request attestation to sign at slot error=rpc error: code = DeadlineExceeded desc = context deadline exceeded pubkey=0xb94c84648e94 slot=1
2026-09-05T01:30:24.004680Z	24004.680	validator	log			2026-09-05 01:30:24.00	0.000	4.680	/tmp/prysm-r2-extra-logs.Rd7MjT/extracted/round2-169/validator.log:704	[2026-09-05 01:30:24.00] ERROR client: Could not request attestation to sign at slot error=rpc error: code = DeadlineExceeded desc = context deadline exceeded pubkey=0x96e710e5e4c5 slot=1
2026-09-05T01:30:24.004732Z	24004.732	validator	log			2026-09-05 01:30:24.00	0.000	4.732	/tmp/prysm-r2-extra-logs.Rd7MjT/extracted/round2-169/validator.log:705	[2026-09-05 01:30:24.00] ERROR client: Could not request attestation to sign at slot error=rpc error: code = DeadlineExceeded desc = context deadline exceeded pubkey=0x844ca0673a8e slot=1
2026-09-05T01:30:24.004821Z	24004.821	validator	log			2026-09-05 01:30:24.00	0.000	4.821	/tmp/prysm-r2-extra-logs.Rd7MjT/extracted/round2-169/validator.log:706	[2026-09-05 01:30:24.00] ERROR client: Could not request attestation to sign at slot error=rpc error: code = DeadlineExceeded desc = context deadline exceeded pubkey=0x8aede29f34e2 slot=1
2026-09-05T01:30:24.004910Z	24004.910	validator	log			2026-09-05 01:30:24.00	0.000	4.910	/tmp/prysm-r2-extra-logs.Rd7MjT/extracted/round2-169/validator.log:707	[2026-09-05 01:30:24.00] ERROR client: Could not request attestation to sign at slot error=rpc error: code = DeadlineExceeded desc = context deadline exceeded pubkey=0xa2a3ca296f1d slot=1
2026-09-05T01:30:24.006131Z	24006.131	validator	log			2026-09-05 01:30:24.00	0.000	6.131	/tmp/prysm-r2-extra-logs.Rd7MjT/extracted/round2-169/validator.log:708	[2026-09-05 01:30:24.00] ERROR client: Could not get sync subcommittee index error=rpc error: code = DeadlineExceeded desc = context deadline exceeded
2026-09-05T01:30:24.006487Z	24006.487	validator	log			2026-09-05 01:30:24.00	0.000	6.487	/tmp/prysm-r2-extra-logs.Rd7MjT/extracted/round2-169/validator.log:709	[2026-09-05 01:30:24.00] ERROR client: Could not request attestation to sign at slot error=rpc error: code = DeadlineExceeded desc = context deadline exceeded pubkey=0x86516d4ee6f3 slot=1
2026-09-05T01:30:24.006625Z	24006.625	validator	log			2026-09-05 01:30:24.00	0.000	6.625	/tmp/prysm-r2-extra-logs.Rd7MjT/extracted/round2-169/validator.log:710	[2026-09-05 01:30:24.00] ERROR client: Could not request attestation to sign at slot error=rpc error: code = DeadlineExceeded desc = context deadline exceeded pubkey=0xb62bb66fbb8c slot=1
2026-09-05T01:30:24.014973Z	24014.973	validator	log			2026-09-05 01:30:24.00	4.973	14.973	/tmp/prysm-r2-extra-logs.Rd7MjT/extracted/round2-169/validator.log:711	[2026-09-05 01:30:24.00] ERROR client: Could not request attestation to sign at slot error=rpc error: code = DeadlineExceeded desc = context deadline exceeded pubkey=0xa8c14c288f81 slot=1
2026-09-05T01:30:24.015071Z	24015.071	validator	log			2026-09-05 01:30:24.00	5.071	15.071	/tmp/prysm-r2-extra-logs.Rd7MjT/extracted/round2-169/validator.log:712	[2026-09-05 01:30:24.00] ERROR client: Could not request attestation to sign at slot error=rpc error: code = DeadlineExceeded desc = context deadline exceeded pubkey=0xb75c5811f1c9 slot=1
2026-09-05T01:30:24.015082Z	24015.082	validator	log			2026-09-05 01:30:24.00	5.082	15.082	/tmp/prysm-r2-extra-logs.Rd7MjT/extracted/round2-169/validator.log:713	[2026-09-05 01:30:24.00] ERROR client: Could not request attestation to sign at slot error=rpc error: code = DeadlineExceeded desc = context deadline exceeded pubkey=0xa2863ebf3529 slot=1
2026-09-05T01:30:24.015284Z	24015.284	validator	log			2026-09-05 01:30:24.00	5.284	15.284	/tmp/prysm-r2-extra-logs.Rd7MjT/extracted/round2-169/validator.log:714	[2026-09-05 01:30:24.00] ERROR client: Could not request attestation to sign at slot error=rpc error: code = DeadlineExceeded desc = context deadline exceeded pubkey=0xa2939ee8f4fa slot=1
2026-09-05T01:30:24.015293Z	24015.293	validator	log			2026-09-05 01:30:24.00	5.293	15.293	/tmp/prysm-r2-extra-logs.Rd7MjT/extracted/round2-169/validator.log:715	[2026-09-05 01:30:24.00] ERROR client: Could not request attestation to sign at slot error=rpc error: code = DeadlineExceeded desc = context deadline exceeded pubkey=0xa432451d851a slot=1
2026-09-05T01:30:24.015298Z	24015.298	validator	log			2026-09-05 01:30:24.00	5.298	15.298	/tmp/prysm-r2-extra-logs.Rd7MjT/extracted/round2-169/validator.log:716	[2026-09-05 01:30:24.00] ERROR client: Could not request attestation to sign at slot error=rpc error: code = DeadlineExceeded desc = context deadline exceeded pubkey=0xa88ca72bf20d slot=1
2026-09-05T01:30:24.015302Z	24015.302	validator	log			2026-09-05 01:30:24.00	5.302	15.302	/tmp/prysm-r2-extra-logs.Rd7MjT/extracted/round2-169/validator.log:717	[2026-09-05 01:30:24.00] ERROR client: Could not request attestation to sign at slot error=rpc error: code = DeadlineExceeded desc = context deadline exceeded pubkey=0xa5f6b2a82d1e slot=1
2026-09-05T01:30:24.015306Z	24015.306	validator	log			2026-09-05 01:30:24.00	5.306	15.306	/tmp/prysm-r2-extra-logs.Rd7MjT/extracted/round2-169/validator.log:718	[2026-09-05 01:30:24.00]  WARN client: Could not get signed attestation data for aggregation error=rpc error: code = DeadlineExceeded desc = context deadline exceeded slot=1
2026-09-05T01:30:24.015622Z	24015.622	validator	log			2026-09-05 01:30:24.01	0.000	5.622	/tmp/prysm-r2-extra-logs.Rd7MjT/extracted/round2-169/validator.log:719	[2026-09-05 01:30:24.01] ERROR client: Could not submit aggregate selection proof to beacon node error=rpc error: code = DeadlineExceeded desc = context deadline exceeded slot=1
2026-09-05T01:30:24.015644Z	24015.644	validator	log			2026-09-05 01:30:24.00	5.644	15.644	/tmp/prysm-r2-extra-logs.Rd7MjT/extracted/round2-169/validator.log:720	[2026-09-05 01:30:24.00] ERROR client: Could not request attestation to sign at slot error=rpc error: code = DeadlineExceeded desc = context deadline exceeded pubkey=0xa2553616bd93 slot=1
2026-09-05T01:30:24.015649Z	24015.649	validator	log			2026-09-05 01:30:24.00	5.649	15.649	/tmp/prysm-r2-extra-logs.Rd7MjT/extracted/round2-169/validator.log:721	[2026-09-05 01:30:24.00] ERROR client: Could not request attestation to sign at slot error=rpc error: code = DeadlineExceeded desc = context deadline exceeded pubkey=0xa81b436a0ce7 slot=1
2026-09-05T01:30:24.015653Z	24015.653	validator	log			2026-09-05 01:30:24.00	5.653	15.653	/tmp/prysm-r2-extra-logs.Rd7MjT/extracted/round2-169/validator.log:722	[2026-09-05 01:30:24.00] ERROR client: Could not request attestation to sign at slot error=rpc error: code = DeadlineExceeded desc = context deadline exceeded pubkey=0x83828a610139 slot=1
2026-09-05T01:30:24.015897Z	24015.897	validator	log			2026-09-05 01:30:24.00	5.897	15.897	/tmp/prysm-r2-extra-logs.Rd7MjT/extracted/round2-169/validator.log:723	[2026-09-05 01:30:24.00] ERROR client: Could not request attestation to sign at slot error=rpc error: code = DeadlineExceeded desc = context deadline exceeded pubkey=0x93a8b0669934 slot=1
2026-09-05T01:30:24.015906Z	24015.906	validator	log			2026-09-05 01:30:24.00	5.906	15.906	/tmp/prysm-r2-extra-logs.Rd7MjT/extracted/round2-169/validator.log:724	[2026-09-05 01:30:24.00] ERROR client: Could not request attestation to sign at slot error=rpc error: code = DeadlineExceeded desc = context deadline exceeded pubkey=0xa6dc935a0cf5 slot=1
2026-09-05T01:30:24.016127Z	24016.127	validator	log			2026-09-05 01:30:24.00	6.127	16.127	/tmp/prysm-r2-extra-logs.Rd7MjT/extracted/round2-169/validator.log:725	[2026-09-05 01:30:24.00]  WARN client: Could not get signed attestation data for aggregation error=rpc error: code = DeadlineExceeded desc = context deadline exceeded slot=1
2026-09-05T01:30:24.016214Z	24016.214	validator	log			2026-09-05 01:30:24.01	0.000	6.214	/tmp/prysm-r2-extra-logs.Rd7MjT/extracted/round2-169/validator.log:726	[2026-09-05 01:30:24.01] ERROR client: Could not submit aggregate selection proof to beacon node error=rpc error: code = DeadlineExceeded desc = context deadline exceeded slot=1
2026-09-05T01:30:24.016220Z	24016.220	validator	log			2026-09-05 01:30:24.00	6.220	16.220	/tmp/prysm-r2-extra-logs.Rd7MjT/extracted/round2-169/validator.log:727	[2026-09-05 01:30:24.00] ERROR client: Could not request attestation to sign at slot error=rpc error: code = DeadlineExceeded desc = context deadline exceeded pubkey=0xab9347969947 slot=1
2026-09-05T01:30:24.016224Z	24016.224	validator	log			2026-09-05 01:30:24.00	6.224	16.224	/tmp/prysm-r2-extra-logs.Rd7MjT/extracted/round2-169/validator.log:728	[2026-09-05 01:30:24.00] ERROR client: Could not request attestation to sign at slot error=rpc error: code = DeadlineExceeded desc = context deadline exceeded pubkey=0xab316199aa48 slot=1
2026-09-05T01:30:24.016228Z	24016.228	validator	log			2026-09-05 01:30:24.00	6.228	16.228	/tmp/prysm-r2-extra-logs.Rd7MjT/extracted/round2-169/validator.log:729	[2026-09-05 01:30:24.00] ERROR client: Could not request attestation to sign at slot error=rpc error: code = DeadlineExceeded desc = context deadline exceeded pubkey=0xb5df90c3590f slot=1
2026-09-05T01:30:24.016338Z	24016.338	validator	log			2026-09-05 01:30:24.00	6.338	16.338	/tmp/prysm-r2-extra-logs.Rd7MjT/extracted/round2-169/validator.log:730	[2026-09-05 01:30:24.00] ERROR client: Could not request attestation to sign at slot error=rpc error: code = DeadlineExceeded desc = context deadline exceeded pubkey=0x9253c198f428 slot=1
2026-09-05T01:30:24.016343Z	24016.343	validator	log			2026-09-05 01:30:24.00	6.343	16.343	/tmp/prysm-r2-extra-logs.Rd7MjT/extracted/round2-169/validator.log:731	[2026-09-05 01:30:24.00] ERROR client: Could not request attestation to sign at slot error=rpc error: code = DeadlineExceeded desc = context deadline exceeded pubkey=0xa7836393770d slot=1
2026-09-05T01:30:24.016347Z	24016.347	validator	log			2026-09-05 01:30:24.00	6.347	16.347	/tmp/prysm-r2-extra-logs.Rd7MjT/extracted/round2-169/validator.log:732	[2026-09-05 01:30:24.00] ERROR client: Could not request attestation to sign at slot error=rpc error: code = DeadlineExceeded desc = context deadline exceeded pubkey=0x8dd36aca3531 slot=1
2026-09-05T01:30:24.016351Z	24016.351	validator	log			2026-09-05 01:30:24.00	6.351	16.351	/tmp/prysm-r2-extra-logs.Rd7MjT/extracted/round2-169/validator.log:733	[2026-09-05 01:30:24.00] ERROR client: Could not request attestation to sign at slot error=rpc error: code = DeadlineExceeded desc = context deadline exceeded pubkey=0xb2dfcef65be4 slot=1
2026-09-05T01:30:24.016793Z	24016.793	validator	log			2026-09-05 01:30:24.00	6.793	16.793	/tmp/prysm-r2-extra-logs.Rd7MjT/extracted/round2-169/validator.log:734	[2026-09-05 01:30:24.00] ERROR client: Could not request attestation to sign at slot error=rpc error: code = DeadlineExceeded desc = context deadline exceeded pubkey=0x950dab4ab9ff slot=1
2026-09-05T01:30:24.016847Z	24016.847	validator	log			2026-09-05 01:30:24.00	6.847	16.847	/tmp/prysm-r2-extra-logs.Rd7MjT/extracted/round2-169/validator.log:735	[2026-09-05 01:30:24.00] ERROR client: Could not request attestation to sign at slot error=rpc error: code = DeadlineExceeded desc = context deadline exceeded pubkey=0x91ed1a50f730 slot=1
2026-09-05T01:30:24.016853Z	24016.853	validator	log			2026-09-05 01:30:24.00	6.853	16.853	/tmp/prysm-r2-extra-logs.Rd7MjT/extracted/round2-169/validator.log:736	[2026-09-05 01:30:24.00] ERROR client: Could not request attestation to sign at slot error=rpc error: code = DeadlineExceeded desc = context deadline exceeded pubkey=0xa49f6f221313 slot=1
2026-09-05T01:30:24.016858Z	24016.858	validator	log			2026-09-05 01:30:24.00	6.858	16.858	/tmp/prysm-r2-extra-logs.Rd7MjT/extracted/round2-169/validator.log:737	[2026-09-05 01:30:24.00] ERROR client: Could not request attestation to sign at slot error=rpc error: code = DeadlineExceeded desc = context deadline exceeded pubkey=0x9614f5db16c3 slot=1
2026-09-05T01:30:24.016862Z	24016.862	validator	log			2026-09-05 01:30:24.00	6.862	16.862	/tmp/prysm-r2-extra-logs.Rd7MjT/extracted/round2-169/validator.log:738	[2026-09-05 01:30:24.00] ERROR client: Could not request attestation to sign at slot error=rpc error: code = DeadlineExceeded desc = context deadline exceeded pubkey=0x925d85539814 slot=1
2026-09-05T01:30:24.016865Z	24016.865	validator	log			2026-09-05 01:30:24.00	6.865	16.865	/tmp/prysm-r2-extra-logs.Rd7MjT/extracted/round2-169/validator.log:739	[2026-09-05 01:30:24.00] ERROR client: Could not request attestation to sign at slot error=rpc error: code = DeadlineExceeded desc = context deadline exceeded pubkey=0xaf3a7ca5139e slot=1
2026-09-05T01:30:24.016916Z	24016.916	validator	log			2026-09-05 01:30:24.00	6.916	16.916	/tmp/prysm-r2-extra-logs.Rd7MjT/extracted/round2-169/validator.log:740	[2026-09-05 01:30:24.00] ERROR client: Could not request attestation to sign at slot error=rpc error: code = DeadlineExceeded desc = context deadline exceeded pubkey=0x93f1a5f6d39d slot=1
2026-09-05T01:30:24.016921Z	24016.921	validator	log			2026-09-05 01:30:24.00	6.921	16.921	/tmp/prysm-r2-extra-logs.Rd7MjT/extracted/round2-169/validator.log:741	[2026-09-05 01:30:24.00] ERROR client: Could not request attestation to sign at slot error=rpc error: code = DeadlineExceeded desc = context deadline exceeded pubkey=0x9899e710fceb slot=1
2026-09-05T01:30:24.016927Z	24016.927	validator	log			2026-09-05 01:30:24.00	6.927	16.927	/tmp/prysm-r2-extra-logs.Rd7MjT/extracted/round2-169/validator.log:742	[2026-09-05 01:30:24.00] ERROR client: Could not request attestation to sign at slot error=rpc error: code = DeadlineExceeded desc = context deadline exceeded pubkey=0xb59d5f129597 slot=1
2026-09-05T01:30:24.017021Z	24017.021	validator	log			2026-09-05 01:30:24.00	7.021	17.021	/tmp/prysm-r2-extra-logs.Rd7MjT/extracted/round2-169/validator.log:743	[2026-09-05 01:30:24.00] ERROR client: Could not request attestation to sign at slot error=rpc error: code = DeadlineExceeded desc = context deadline exceeded pubkey=0x8851b54ca5a4 slot=1
2026-09-05T01:30:24.017026Z	24017.026	validator	log			2026-09-05 01:30:24.00	7.026	17.026	/tmp/prysm-r2-extra-logs.Rd7MjT/extracted/round2-169/validator.log:744	[2026-09-05 01:30:24.00] ERROR client: Could not request attestation to sign at slot error=rpc error: code = DeadlineExceeded desc = context deadline exceeded pubkey=0x84212f1b2309 slot=1
2026-09-05T01:30:24.017307Z	24017.307	validator	log			2026-09-05 01:30:24.00	7.307	17.307	/tmp/prysm-r2-extra-logs.Rd7MjT/extracted/round2-169/validator.log:745	[2026-09-05 01:30:24.00] ERROR client: Could not request attestation to sign at slot error=rpc error: code = DeadlineExceeded desc = context deadline exceeded pubkey=0x92f1c9687aa9 slot=1
2026-09-05T01:30:24.017316Z	24017.316	validator	log			2026-09-05 01:30:24.00	7.316	17.316	/tmp/prysm-r2-extra-logs.Rd7MjT/extracted/round2-169/validator.log:746	[2026-09-05 01:30:24.00] ERROR client: Could not request attestation to sign at slot error=rpc error: code = DeadlineExceeded desc = context deadline exceeded pubkey=0xa88d554e3948 slot=1
2026-09-05T01:30:24.017321Z	24017.321	validator	log			2026-09-05 01:30:24.00	7.321	17.321	/tmp/prysm-r2-extra-logs.Rd7MjT/extracted/round2-169/validator.log:747	[2026-09-05 01:30:24.00] ERROR client: Could not request attestation to sign at slot error=rpc error: code = DeadlineExceeded desc = context deadline exceeded pubkey=0xadc9df6a53df slot=1
2026-09-05T01:30:24.017326Z	24017.326	validator	log			2026-09-05 01:30:24.00	7.326	17.326	/tmp/prysm-r2-extra-logs.Rd7MjT/extracted/round2-169/validator.log:748	[2026-09-05 01:30:24.00] ERROR client: Could not request attestation to sign at slot error=rpc error: code = DeadlineExceeded desc = context deadline exceeded pubkey=0xa10b61e9e8ee slot=1
2026-09-05T01:30:24.017374Z	24017.374	validator	log			2026-09-05 01:30:24.00	7.374	17.374	/tmp/prysm-r2-extra-logs.Rd7MjT/extracted/round2-169/validator.log:749	[2026-09-05 01:30:24.00] ERROR client: Could not request attestation to sign at slot error=rpc error: code = DeadlineExceeded desc = context deadline exceeded pubkey=0xa1b337c6f9f2 slot=1
2026-09-05T01:30:24.017379Z	24017.379	validator	log			2026-09-05 01:30:24.00	7.379	17.379	/tmp/prysm-r2-extra-logs.Rd7MjT/extracted/round2-169/validator.log:750	[2026-09-05 01:30:24.00] ERROR client: Could not request attestation to sign at slot error=rpc error: code = DeadlineExceeded desc = context deadline exceeded pubkey=0xa7a4df109bb7 slot=1
2026-09-05T01:30:24.017385Z	24017.385	validator	log			2026-09-05 01:30:24.00	7.385	17.385	/tmp/prysm-r2-extra-logs.Rd7MjT/extracted/round2-169/validator.log:751	[2026-09-05 01:30:24.00] ERROR client: Could not request attestation to sign at slot error=rpc error: code = DeadlineExceeded desc = context deadline exceeded pubkey=0x8ff42f9ecb4d slot=1
2026-09-05T01:30:24.017390Z	24017.390	validator	log			2026-09-05 01:30:24.00	7.390	17.390	/tmp/prysm-r2-extra-logs.Rd7MjT/extracted/round2-169/validator.log:752	[2026-09-05 01:30:24.00] ERROR client: Could not request attestation to sign at slot error=rpc error: code = DeadlineExceeded desc = context deadline exceeded pubkey=0x918c15642182 slot=1
2026-09-05T01:30:24.017442Z	24017.442	validator	log			2026-09-05 01:30:24.00	7.442	17.442	/tmp/prysm-r2-extra-logs.Rd7MjT/extracted/round2-169/validator.log:753	[2026-09-05 01:30:24.00] ERROR client: Could not request attestation to sign at slot error=rpc error: code = DeadlineExceeded desc = context deadline exceeded pubkey=0xb59b710237e4 slot=1
2026-09-05T01:30:24.017448Z	24017.448	validator	log			2026-09-05 01:30:24.00	7.448	17.448	/tmp/prysm-r2-extra-logs.Rd7MjT/extracted/round2-169/validator.log:754	[2026-09-05 01:30:24.00] ERROR client: Could not request attestation to sign at slot error=rpc error: code = DeadlineExceeded desc = context deadline exceeded pubkey=0xa9ad772e6478 slot=1
2026-09-05T01:30:24.017592Z	24017.592	validator	log			2026-09-05 01:30:24.00	7.592	17.592	/tmp/prysm-r2-extra-logs.Rd7MjT/extracted/round2-169/validator.log:755	[2026-09-05 01:30:24.00] ERROR client: Could not request attestation to sign at slot error=rpc error: code = DeadlineExceeded desc = context deadline exceeded pubkey=0x8dceb2e740cb slot=1
2026-09-05T01:30:24.017694Z	24017.694	validator	log			2026-09-05 01:30:24.00	7.694	17.694	/tmp/prysm-r2-extra-logs.Rd7MjT/extracted/round2-169/validator.log:756	[2026-09-05 01:30:24.00] ERROR client: Could not request attestation to sign at slot error=rpc error: code = DeadlineExceeded desc = context deadline exceeded pubkey=0x828ed6cb81e5 slot=1
2026-09-05T01:30:24.017701Z	24017.701	validator	log			2026-09-05 01:30:24.00	7.701	17.701	/tmp/prysm-r2-extra-logs.Rd7MjT/extracted/round2-169/validator.log:757	[2026-09-05 01:30:24.00]  WARN client: Could not get signed attestation data for aggregation error=rpc error: code = DeadlineExceeded desc = context deadline exceeded slot=1
2026-09-05T01:30:24.017705Z	24017.705	validator	log			2026-09-05 01:30:24.01	0.000	7.705	/tmp/prysm-r2-extra-logs.Rd7MjT/extracted/round2-169/validator.log:758	[2026-09-05 01:30:24.01] ERROR client: Could not submit aggregate selection proof to beacon node error=rpc error: code = DeadlineExceeded desc = context deadline exceeded slot=1
2026-09-05T01:30:24.017710Z	24017.710	validator	log			2026-09-05 01:30:24.00	7.710	17.710	/tmp/prysm-r2-extra-logs.Rd7MjT/extracted/round2-169/validator.log:759	[2026-09-05 01:30:24.00] ERROR client: Could not request attestation to sign at slot error=rpc error: code = DeadlineExceeded desc = context deadline exceeded pubkey=0x932ad4d2b78c slot=1
2026-09-05T01:30:24.017714Z	24017.714	validator	log			2026-09-05 01:30:24.00	7.714	17.714	/tmp/prysm-r2-extra-logs.Rd7MjT/extracted/round2-169/validator.log:760	[2026-09-05 01:30:24.00] ERROR client: Could not request attestation to sign at slot error=rpc error: code = DeadlineExceeded desc = context deadline exceeded pubkey=0xa426e6222692 slot=1
2026-09-05T01:30:24.017719Z	24017.719	validator	log			2026-09-05 01:30:24.00	7.719	17.719	/tmp/prysm-r2-extra-logs.Rd7MjT/extracted/round2-169/validator.log:761	[2026-09-05 01:30:24.00] ERROR client: Could not request attestation to sign at slot error=rpc error: code = DeadlineExceeded desc = context deadline exceeded pubkey=0xa1ac156be297 slot=1
2026-09-05T01:30:24.017722Z	24017.722	validator	log			2026-09-05 01:30:24.00	7.722	17.722	/tmp/prysm-r2-extra-logs.Rd7MjT/extracted/round2-169/validator.log:762	[2026-09-05 01:30:24.00] ERROR client: Could not request attestation to sign at slot error=rpc error: code = DeadlineExceeded desc = context deadline exceeded pubkey=0x9118cba54b8e slot=1
2026-09-05T01:30:24.017729Z	24017.729	validator	log			2026-09-05 01:30:24.00	7.729	17.729	/tmp/prysm-r2-extra-logs.Rd7MjT/extracted/round2-169/validator.log:763	[2026-09-05 01:30:24.00] ERROR client: Could not request attestation to sign at slot error=rpc error: code = DeadlineExceeded desc = context deadline exceeded pubkey=0xab178079748f slot=1
2026-09-05T01:30:24.017736Z	24017.736	validator	log			2026-09-05 01:30:24.00	7.736	17.736	/tmp/prysm-r2-extra-logs.Rd7MjT/extracted/round2-169/validator.log:764	[2026-09-05 01:30:24.00] ERROR client: Could not request attestation to sign at slot error=rpc error: code = DeadlineExceeded desc = context deadline exceeded pubkey=0x9492dbfc2bfe slot=1
2026-09-05T01:30:24.017739Z	24017.739	validator	log			2026-09-05 01:30:24.00	7.739	17.739	/tmp/prysm-r2-extra-logs.Rd7MjT/extracted/round2-169/validator.log:765	[2026-09-05 01:30:24.00] ERROR client: Could not request attestation to sign at slot error=rpc error: code = DeadlineExceeded desc = context deadline exceeded pubkey=0x98ab2c78ee5d slot=1
2026-09-05T01:30:24.017743Z	24017.743	validator	log			2026-09-05 01:30:24.01	0.000	7.743	/tmp/prysm-r2-extra-logs.Rd7MjT/extracted/round2-169/validator.log:766	[2026-09-05 01:30:24.01] ERROR client: Could not request attestation to sign at slot error=rpc error: code = DeadlineExceeded desc = context deadline exceeded pubkey=0xa7120c370e8c slot=1
2026-09-05T01:30:24.017752Z	24017.752	validator	log			2026-09-05 01:30:24.01	0.000	7.752	/tmp/prysm-r2-extra-logs.Rd7MjT/extracted/round2-169/validator.log:767	[2026-09-05 01:30:24.01] ERROR client: Could not request attestation to sign at slot error=rpc error: code = DeadlineExceeded desc = context deadline exceeded pubkey=0x98367661f71b slot=1
2026-09-05T01:30:24.017757Z	24017.757	validator	log			2026-09-05 01:30:24.01	0.000	7.757	/tmp/prysm-r2-extra-logs.Rd7MjT/extracted/round2-169/validator.log:768	[2026-09-05 01:30:24.01] ERROR client: Could not request attestation to sign at slot error=rpc error: code = DeadlineExceeded desc = context deadline exceeded pubkey=0x830bb0e860e4 slot=1
2026-09-05T01:30:24.017761Z	24017.761	validator	log			2026-09-05 01:30:24.01	0.000	7.761	/tmp/prysm-r2-extra-logs.Rd7MjT/extracted/round2-169/validator.log:769	[2026-09-05 01:30:24.01] ERROR client: Could not request attestation to sign at slot error=rpc error: code = DeadlineExceeded desc = context deadline exceeded pubkey=0xae4319614bde slot=1
2026-09-05T01:30:24.017765Z	24017.765	validator	log			2026-09-05 01:30:24.01	0.000	7.765	/tmp/prysm-r2-extra-logs.Rd7MjT/extracted/round2-169/validator.log:770	[2026-09-05 01:30:24.01] ERROR client: Could not request attestation to sign at slot error=rpc error: code = DeadlineExceeded desc = context deadline exceeded pubkey=0xafaf9b511e09 slot=1
2026-09-05T01:30:24.018230Z	24018.230	validator	log			2026-09-05 01:30:24.01	0.000	8.230	/tmp/prysm-r2-extra-logs.Rd7MjT/extracted/round2-169/validator.log:771	[2026-09-05 01:30:24.01] ERROR client: Could not request attestation to sign at slot error=rpc error: code = DeadlineExceeded desc = context deadline exceeded pubkey=0xa6f01684a131 slot=1
2026-09-05T01:30:24.018247Z	24018.247	validator	log			2026-09-05 01:30:24.00	8.247	18.247	/tmp/prysm-r2-extra-logs.Rd7MjT/extracted/round2-169/validator.log:772	[2026-09-05 01:30:24.00] ERROR client: Could not request attestation to sign at slot error=rpc error: code = DeadlineExceeded desc = context deadline exceeded pubkey=0x8e79f45d8561 slot=1
2026-09-05T01:30:24.018251Z	24018.251	validator	log			2026-09-05 01:30:24.00	8.251	18.251	/tmp/prysm-r2-extra-logs.Rd7MjT/extracted/round2-169/validator.log:773	[2026-09-05 01:30:24.00] ERROR client: Could not request attestation to sign at slot error=rpc error: code = DeadlineExceeded desc = context deadline exceeded pubkey=0x81e10981bc84 slot=1
2026-09-05T01:30:24.018253Z	24018.253	validator	log			2026-09-05 01:30:24.00	8.253	18.253	/tmp/prysm-r2-extra-logs.Rd7MjT/extracted/round2-169/validator.log:774	[2026-09-05 01:30:24.00] ERROR client: Could not request attestation to sign at slot error=rpc error: code = DeadlineExceeded desc = context deadline exceeded pubkey=0x8efab52a5cd3 slot=1
2026-09-05T01:30:24.166650Z	24166.650	execution	log						/tmp/prysm-r2-extra-logs.Rd7MjT/extracted/round2-169/execution.log:85	INFO [09-05|01:30:24.166] Stopping work on payload                 id=0x0466ae591b684070 reason=timeout
2026-09-05T01:30:26.890832Z	26890.832	beacon	log			2026-09-05 01:30:26.88	0.832	10.832	/tmp/prysm-r2-extra-logs.Rd7MjT/extracted/round2-169/beacon.log:519	[2026-09-05 01:30:26.88]  INFO blockchain: Chain reorg occurred commonAncestorRoot=0x1a40155d770d5a166e5976f7f9c1804026797f51b522c4959fdcde7fcaa010d1 depth=0 distance=0 newRoot=0x1a40155d770d5a166e5976f7f9c1804026797f51b522c4959fdcde7fcaa010d1 newSlot=0 newWeight=0 oldRoot=0x1a40155d770d5a166e5976f7f9c1804026797f51b522c4959fdcde7fcaa010d1 oldSlot=0 oldWeight=0
2026-09-05T01:30:28.754657Z	28754.657	engine_proxy	request	eth_getBlockByNumber	711				/tmp/prysm-r2-extra-logs.Rd7MjT/extracted/round2-169/snooper-engine.log:31724	"{""id"":203,""jsonrpc"":""2.0"",""method"":""eth_getBlockByNumber"",""params"":[""latest"",false]}"
2026-09-05T01:30:28.755419Z	28755.419	engine_proxy	response	eth_getBlockByNumber	711				/tmp/prysm-r2-extra-logs.Rd7MjT/extracted/round2-169/snooper-engine.log:31735	"{""id"":203,""jsonrpc"":""2.0"",""result"":{""baseFeePerGas"":""0x3b9aca00"",""blobGasUsed"":""0x0"",""blockAccessListHash"":""0x1dcc4de8dec75d7aab85b567b6ccd41ad312451b948a7413f0a142fd40d49347"",""difficulty"":""0x0"",""excessBlobGas"":""0x0"",""extraData"":""0x"",""gasLimit"":""0xbebc200"",""gasUsed"":""0x0"",""hash"":""0x296b50f55c753beccc0b4eb627b1526fc98c0b775e18424a18c7e006dfe775a1"",""logsBloom"":""0x00000000000000000000000000000000...00000000000000000000000000000000 <256 bytes>"",""miner"":""0x0000000000000000000000000000000000000000"",""mixHash"":""0x0000000000000000000000000000000000000000000000000000000000000000"",""nonce"":""0x0000000000001234"",""number"":""0x0"",""parentBeaconBlockRoot"":""0x0000000000000000000000000000000000000000000000000000000000000000"",""parentHash"":""0x0000000000000000000000000000000000000000000000000000000000000000"",""receiptsRoot"":""0x56e81f171bcc55a6ff8345e692c0f86e5b48e01b996cadc001622fb5e363b421"",""requestsHash"":""0xe3b0c44298fc1c149afbf4c8996fb92427ae41e4649b934ca495991b7852b855"",""sha3Uncles"":""0x1dcc4de8dec75d7aab85b567b6ccd41ad312451b948a7413f0a142fd40d49347"",""size"":""0x28a"",""slotNumber"":""0x0"",""stateRoot"":""0xc05a5b65ec2720eba19aefe5584a16038c6ee35feba35b91e2debdac4be4f9a5"",""timestamp"":""0x6a9b7098"",""transactions"":[],""transactionsRoot"":""0x56e81f171bcc55a6ff8345e692c0f86e5b48e01b996cadc001622fb5e363b421"",""uncles"":[],""withdrawals"":[],""withdrawalsRoot"":""0x56e81f171bcc55a6ff8345e692c0f86e5b48e01b996cadc001622fb5e363b421""}}"
2026-09-05T01:30:32.027596Z	32027.596	beacon	log			2026-09-05 01:30:32.02	0.000	7.596	/tmp/prysm-r2-extra-logs.Rd7MjT/extracted/round2-169/beacon.log:520	[2026-09-05 01:30:32.02] ERROR execution: Beacon node is not respecting the follow distance. EL client is syncing. lastBlockNumber=0
2026-09-05T01:30:33.849736Z	33849.736	engine_proxy	request	engine_forkchoiceUpdatedV4	712				/tmp/prysm-r2-extra-logs.Rd7MjT/extracted/round2-169/snooper-engine.log:31771	"{""id"":204,""jsonrpc"":""2.0"",""method"":""engine_forkchoiceUpdatedV4"",""params"":[{""finalizedBlockHash"":""0x0000000000000000000000000000000000000000000000000000000000000000"",""headBlockHash"":""0x296b50f55c753beccc0b4eb627b1526fc98c0b775e18424a18c7e006dfe775a1"",""safeBlockHash"":""0x0000000000000000000000000000000000000000000000000000000000000000""},null]}"
2026-09-05T01:30:33.850656Z	33850.656	engine_proxy	response	engine_forkchoiceUpdatedV4	712				/tmp/prysm-r2-extra-logs.Rd7MjT/extracted/round2-169/snooper-engine.log:31786	"{""id"":204,""jsonrpc"":""2.0"",""result"":{""payloadId"":null,""payloadStatus"":{""latestValidHash"":""0x296b50f55c753beccc0b4eb627b1526fc98c0b775e18424a18c7e006dfe775a1"",""status"":""VALID"",""validationError"":null}}}"
