slot	node	component	event_class	timestamp	archive	member	line	text
1	169	VC	randao_failure	2026-09-05T01:30:24.002452+00:00	/tmp/prysm-r2-extra-logs.Rd7MjT/round2-prysm-geth-169.tar.gz	validator.log	694	2026-09-05T01:30:24.002452348Z [2026-09-05 01:30:24.00] ERROR client: Failed to sign randao reveal error=could not get domain data: rpc error: code = DeadlineExceeded desc = context deadline exceeded pubkey=0xa7120c370e8c
2	191	VC	sync_index_preflight_failure	2026-09-05T01:30:36.001289+00:00	/tmp/prysm-r2-extra-logs.Rd7MjT/round2-prysm-geth-191.tar.gz	validator.log	770	2026-09-05T01:30:36.001289585Z [2026-09-05 01:30:36.00] ERROR client: Could not check if any validator is a sync committee aggregator error=sign sync selection proofs: can't fetch sync subcommittee index: rpc error: code = DeadlineExceeded desc = context deadline exceeded
2	191	VC	randao_failure	2026-09-05T01:30:36.004480+00:00	/tmp/prysm-r2-extra-logs.Rd7MjT/round2-prysm-geth-191.tar.gz	validator.log	780	2026-09-05T01:30:36.004480876Z [2026-09-05 01:30:36.00] ERROR client: Failed to sign randao reveal error=could not get domain data: rpc error: code = DeadlineExceeded desc = context deadline exceeded pubkey=0xaf089d24fea6
3	22	VC	sync_index_preflight_failure	2026-09-05T01:30:48.000619+00:00	/tmp/prysm-r2-extra-logs.Rd7MjT/round2-prysm-geth-22.tar.gz	validator.log	775	2026-09-05T01:30:48.000619225Z [2026-09-05 01:30:48.00] ERROR client: Could not check if any validator is a sync committee aggregator error=sign sync selection proofs: can't fetch sync subcommittee index: rpc error: code = DeadlineExceeded desc = context deadline exceeded
3	22	VC	randao_failure	2026-09-05T01:30:48.003364+00:00	/tmp/prysm-r2-extra-logs.Rd7MjT/round2-prysm-geth-22.tar.gz	validator.log	800	2026-09-05T01:30:48.003364340Z [2026-09-05 01:30:48.00] ERROR client: Failed to sign randao reveal error=could not get domain data: rpc error: code = DeadlineExceeded desc = context deadline exceeded pubkey=0xa4a9ccf01138
4	91	VC	sync_selection_signing_preflight_failure	2026-09-05T01:31:00.003838+00:00	/tmp/prysm-r2-extra-logs.Rd7MjT/round2-prysm-geth-91.tar.gz	validator.log	832	2026-09-05T01:31:00.003838012Z [2026-09-05 01:31:00.00] ERROR client: Could not check if any validator is a sync committee aggregator error=sign sync selection proofs: can't sign selection data: rpc error: code = DeadlineExceeded desc = context deadline exceeded
4	91	VC	randao_failure	2026-09-05T01:31:00.003910+00:00	/tmp/prysm-r2-extra-logs.Rd7MjT/round2-prysm-geth-91.tar.gz	validator.log	839	2026-09-05T01:31:00.003910654Z [2026-09-05 01:31:00.00] ERROR client: Failed to sign randao reveal error=could not get domain data: rpc error: code = DeadlineExceeded desc = context deadline exceeded pubkey=0xb1b3d89c62f5
5	118	BN	build_started	2026-09-05T01:31:10.119967+00:00	/tmp/prysm-r2-extra-logs.Rd7MjT/round2-prysm-geth-118.tar.gz	beacon.log	524	2026-09-05T01:31:10.119967431Z [2026-09-05 01:31:10.11]  INFO rpc/validator: Building block sinceSlotStartTime=10.119713353s slot=5
5	118	VC	block_request_failure	2026-09-05T01:31:12.002351+00:00	/tmp/prysm-r2-extra-logs.Rd7MjT/round2-prysm-geth-118.tar.gz	validator.log	971	2026-09-05T01:31:12.002351287Z [2026-09-05 01:31:12.00] ERROR client: Failed to request block from beacon node error=rpc error: code = DeadlineExceeded desc = context deadline exceeded pubkey=0xa0b75a40344e slot=5
5	118	BN	build_failure	2026-09-05T01:31:14.527478+00:00	/tmp/prysm-r2-extra-logs.Rd7MjT/round2-prysm-geth-118.tar.gz	beacon.log	528	2026-09-05T01:31:14.527478983Z [2026-09-05 01:31:14.52] ERROR rpc/validator: Could not build block error=rpc error: code = Internal desc = Could not get local payload and no P2P bid fallback: no cached P2P bid available sinceSlotStartTime=14.527177809s slot=5 validator=72524
6	83	BN	build_started	2026-09-05T01:31:15.664075+00:00	/tmp/prysm-r2-extra-logs.Rd7MjT/round2-prysm-geth-83.tar.gz	beacon.log	542	2026-09-05T01:31:15.664075699Z [2026-09-05 01:31:15.66]  INFO rpc/validator: Building block sinceSlotStartTime=3.663808948s slot=6
6	83	BN	build_failure	2026-09-05T01:31:16.457180+00:00	/tmp/prysm-r2-extra-logs.Rd7MjT/round2-prysm-geth-83.tar.gz	beacon.log	546	2026-09-05T01:31:16.457180582Z [2026-09-05 01:31:16.45] ERROR rpc/validator: Could not build block error=rpc error: code = Internal desc = Could not get local payload and no P2P bid fallback: no cached P2P bid available sinceSlotStartTime=4.45556975s slot=6 validator=21291
6	83	VC	block_request_failure	2026-09-05T01:31:16.634985+00:00	/tmp/prysm-r2-extra-logs.Rd7MjT/round2-prysm-geth-83.tar.gz	validator.log	1097	2026-09-05T01:31:16.634985550Z [2026-09-05 01:31:16.63] ERROR client: Failed to request block from beacon node error=rpc error: code = Internal desc = could not build block in parallel: rpc error: code = Internal desc = Could not get local payload and no P2P bid fallback: no cached P2P bid available pubkey=0x989ab25f870c slot=6
7	144	VC	sync_index_preflight_failure	2026-09-05T01:31:36.001455+00:00	/tmp/prysm-r2-extra-logs.Rd7MjT/round2-prysm-geth-144.tar.gz	validator.log	1110	2026-09-05T01:31:36.001455039Z [2026-09-05 01:31:36.00] ERROR client: Could not check if any validator is a sync committee aggregator error=sign sync selection proofs: can't fetch sync subcommittee index: rpc error: code = DeadlineExceeded desc = context deadline exceeded
7	144	VC	randao_failure	2026-09-05T01:31:36.002488+00:00	/tmp/prysm-r2-extra-logs.Rd7MjT/round2-prysm-geth-144.tar.gz	validator.log	1122	2026-09-05T01:31:36.002488933Z [2026-09-05 01:31:36.00] ERROR client: Failed to sign randao reveal error=could not get domain data: rpc error: code = DeadlineExceeded desc = context deadline exceeded pubkey=0xb3dcff8d6129
8	19	BN	build_started	2026-09-05T01:31:47.191117+00:00	/tmp/prysm-r2-extra-logs.Rd7MjT/round2-prysm-geth-19.tar.gz	beacon.log	533	2026-09-05T01:31:47.191117851Z [2026-09-05 01:31:47.19]  INFO rpc/validator: Building block sinceSlotStartTime=11.19098767s slot=8
8	19	VC	block_request_failure	2026-09-05T01:31:48.002692+00:00	/tmp/prysm-r2-extra-logs.Rd7MjT/round2-prysm-geth-19.tar.gz	validator.log	1419	2026-09-05T01:31:48.002692639Z [2026-09-05 01:31:48.00] ERROR client: Failed to request block from beacon node error=rpc error: code = DeadlineExceeded desc = context deadline exceeded pubkey=0x8736ff704680 slot=8
8	19	BN	build_failure	2026-09-05T01:31:48.052566+00:00	/tmp/prysm-r2-extra-logs.Rd7MjT/round2-prysm-geth-19.tar.gz	beacon.log	540	2026-09-05T01:31:48.052566176Z [2026-09-05 01:31:48.05] ERROR rpc/validator: Could not build block error=rpc error: code = Internal desc = Could not get local payload and no P2P bid fallback: no cached P2P bid available sinceSlotStartTime=12.052413482s slot=8 validator=10907
9	107	BN	build_started	2026-09-05T01:31:53.983282+00:00	/tmp/prysm-r2-extra-logs.Rd7MjT/round2-prysm-geth-107.tar.gz	beacon.log	531	2026-09-05T01:31:53.983282724Z [2026-09-05 01:31:53.98]  INFO rpc/validator: Building block sinceSlotStartTime=5.981177378s slot=9
9	107	BN	build_failure	2026-09-05T01:31:55.638559+00:00	/tmp/prysm-r2-extra-logs.Rd7MjT/round2-prysm-geth-107.tar.gz	beacon.log	534	2026-09-05T01:31:55.638559131Z [2026-09-05 01:31:55.63] ERROR rpc/validator: Could not build block error=rpc error: code = Internal desc = Could not get local payload and no P2P bid fallback: no cached P2P bid available sinceSlotStartTime=7.638358237s slot=9 validator=35397
9	107	VC	block_request_failure	2026-09-05T01:31:55.923308+00:00	/tmp/prysm-r2-extra-logs.Rd7MjT/round2-prysm-geth-107.tar.gz	validator.log	1207	2026-09-05T01:31:55.923308038Z [2026-09-05 01:31:55.91] ERROR client: Failed to request block from beacon node error=rpc error: code = Internal desc = could not build block in parallel: rpc error: code = Internal desc = Could not get local payload and no P2P bid fallback: no cached P2P bid available pubkey=0xb3467ad53274 slot=9
10	35	BN	build_started	2026-09-05T01:32:07.446879+00:00	/tmp/prysm-r2-extra-logs.Rd7MjT/round2-prysm-geth-35.tar.gz	beacon.log	514	2026-09-05T01:32:07.446879297Z [2026-09-05 01:32:07.44]  INFO rpc/validator: Building block sinceSlotStartTime=7.446624429s slot=10
10	35	BN	payload_selected	2026-09-05T01:32:10.338144+00:00	/tmp/prysm-r2-extra-logs.Rd7MjT/round2-prysm-geth-35.tar.gz	beacon.log	519	2026-09-05T01:32:10.338144388Z [2026-09-05 01:32:10.33]  INFO rpc/validator: Chose payload bid slot=10 source=self-build valueGwei=0
10	35	VC	block_request_failure	2026-09-05T01:32:12.004886+00:00	/tmp/prysm-r2-extra-logs.Rd7MjT/round2-prysm-geth-35.tar.gz	validator.log	1384	2026-09-05T01:32:12.004886514Z [2026-09-05 01:32:12.00] ERROR client: Failed to request block from beacon node error=rpc error: code = DeadlineExceeded desc = context deadline exceeded pubkey=0xa7b6c30e5bbe slot=10
10	35	BN	build_failure	2026-09-05T01:32:36.874620+00:00	/tmp/prysm-r2-extra-logs.Rd7MjT/round2-prysm-geth-35.tar.gz	beacon.log	522	2026-09-05T01:32:36.874620082Z [2026-09-05 01:32:36.87] ERROR rpc/validator: Could not build block error=rpc error: code = Internal desc = Could not compute state root: rpc error: code = Canceled desc = context error: context canceled sinceSlotStartTime=36.874415716s slot=10 validator=20714
11	117	VC	sync_index_preflight_failure	2026-09-05T01:32:24.001545+00:00	/tmp/prysm-r2-extra-logs.Rd7MjT/round2-prysm-geth-117.tar.gz	validator.log	1113	2026-09-05T01:32:24.001545879Z [2026-09-05 01:32:24.00] ERROR client: Could not check if any validator is a sync committee aggregator error=sign sync selection proofs: can't fetch sync subcommittee index: rpc error: code = DeadlineExceeded desc = context deadline exceeded
11	117	VC	randao_failure	2026-09-05T01:32:24.012453+00:00	/tmp/prysm-r2-extra-logs.Rd7MjT/round2-prysm-geth-117.tar.gz	validator.log	1130	2026-09-05T01:32:24.012453541Z [2026-09-05 01:32:24.00] ERROR client: Failed to sign randao reveal error=could not get domain data: rpc error: code = DeadlineExceeded desc = context deadline exceeded pubkey=0xa61c6d4cd99b
12	14	VC	sync_index_preflight_failure	2026-09-05T01:32:36.000792+00:00	/tmp/prysm-r2-extra-logs.Rd7MjT/round2-prysm-geth-14.tar.gz	validator.log	1368	2026-09-05T01:32:36.000792396Z [2026-09-05 01:32:36.00] ERROR client: Could not check if any validator is a sync committee aggregator error=sign sync selection proofs: can't fetch sync subcommittee index: rpc error: code = DeadlineExceeded desc = context deadline exceeded
12	14	VC	randao_failure	2026-09-05T01:32:36.007049+00:00	/tmp/prysm-r2-extra-logs.Rd7MjT/round2-prysm-geth-14.tar.gz	validator.log	1391	2026-09-05T01:32:36.007049729Z [2026-09-05 01:32:36.00] ERROR client: Failed to sign randao reveal error=could not get domain data: rpc error: code = DeadlineExceeded desc = context deadline exceeded pubkey=0x88d47493db4d
13	20	BN	build_started	2026-09-05T01:32:37.317155+00:00	/tmp/prysm-r2-extra-logs.Rd7MjT/round2-prysm-geth-20.tar.gz	beacon.log	527	2026-09-05T01:32:37.317155228Z [2026-09-05 01:32:37.31]  INFO rpc/validator: Building block sinceSlotStartTime=1.316930104s slot=13
13	20	VC	block_request_failure	2026-09-05T01:32:48.008413+00:00	/tmp/prysm-r2-extra-logs.Rd7MjT/round2-prysm-geth-20.tar.gz	validator.log	1221	2026-09-05T01:32:48.008413834Z [2026-09-05 01:32:48.00] ERROR client: Failed to request block from beacon node error=rpc error: code = DeadlineExceeded desc = context deadline exceeded pubkey=0x8147108c9e32 slot=13
13	20	BN	parent_state_failure	2026-09-05T01:32:48.038076+00:00	/tmp/prysm-r2-extra-logs.Rd7MjT/round2-prysm-geth-20.tar.gz	beacon.log	531	2026-09-05T01:32:48.038076668Z [2026-09-05 01:32:48.03] ERROR rpc/validator: Fail to build block: could not get parent state error=rpc error: code = Internal desc = Could not process slots up to 13: could not process slots: context canceled slot=13
14	85	BN	build_started	2026-09-05T01:32:50.694093+00:00	/tmp/prysm-r2-extra-logs.Rd7MjT/round2-prysm-geth-85.tar.gz	beacon.log	543	2026-09-05T01:32:50.694093299Z [2026-09-05 01:32:50.69]  INFO rpc/validator: Building block sinceSlotStartTime=2.693809035s slot=14
14	85	BN	payload_selected	2026-09-05T01:32:50.744064+00:00	/tmp/prysm-r2-extra-logs.Rd7MjT/round2-prysm-geth-85.tar.gz	beacon.log	546	2026-09-05T01:32:50.744064893Z [2026-09-05 01:32:50.74]  INFO rpc/validator: Chose payload bid slot=14 source=self-build valueGwei=0
14	85	VC	block_request_failure	2026-09-05T01:33:00.002297+00:00	/tmp/prysm-r2-extra-logs.Rd7MjT/round2-prysm-geth-85.tar.gz	validator.log	1561	2026-09-05T01:33:00.002297931Z [2026-09-05 01:33:00.00] ERROR client: Failed to request block from beacon node error=rpc error: code = DeadlineExceeded desc = context deadline exceeded pubkey=0x9695b49b1c8b slot=14
14	85	BN	build_failure	2026-09-05T01:33:31.996258+00:00	/tmp/prysm-r2-extra-logs.Rd7MjT/round2-prysm-geth-85.tar.gz	beacon.log	563	2026-09-05T01:33:31.996258911Z [2026-09-05 01:33:31.99] ERROR rpc/validator: Could not build block error=rpc error: code = Internal desc = Could not compute state root: rpc error: code = Canceled desc = context error: context canceled sinceSlotStartTime=43.996034164s slot=14 validator=22673
15	32	BN	build_started	2026-09-05T01:33:00.009447+00:00	/tmp/prysm-r2-extra-logs.Rd7MjT/round2-prysm-geth-32.tar.gz	beacon.log	532	2026-09-05T01:33:00.009447845Z [2026-09-05 01:33:00.00]  INFO rpc/validator: Building block sinceSlotStartTime=9.237508ms slot=15
15	32	BN	payload_selected	2026-09-05T01:33:00.018810+00:00	/tmp/prysm-r2-extra-logs.Rd7MjT/round2-prysm-geth-32.tar.gz	beacon.log	535	2026-09-05T01:33:00.018810697Z [2026-09-05 01:33:00.01]  INFO rpc/validator: Chose payload bid slot=15 source=self-build valueGwei=0
15	32	BN	build_finished	2026-09-05T01:33:01.482230+00:00	/tmp/prysm-r2-extra-logs.Rd7MjT/round2-prysm-geth-32.tar.gz	beacon.log	536	2026-09-05T01:33:01.482230895Z [2026-09-05 01:33:01.48]  INFO rpc/validator: Finished building block sinceSlotStartTime=1.481913657s slot=15 validator=18641
15	32	VC	submitted	2026-09-05T01:33:01.658630+00:00	/tmp/prysm-r2-extra-logs.Rd7MjT/round2-prysm-geth-32.tar.gz	validator.log	1324	2026-09-05T01:33:01.658630063Z [2026-09-05 01:33:01.65]  INFO client: Submitted new block attestationCount=8 bidValue=0 blockHash=0xdf777d7bd39c blockRoot=0x6856419067ea builderIndex=self-build depositCount=0 fork=gloas gasLimit=199804689 graffiti=prysm-geth-32 GEaa1fPM0280 parentHash=0x296b50f55c75 payloadAttestationCount=0 pubkey=0xb8046a792d6f slot=15
16	76	BN	build_started	2026-09-05T01:33:12.219198+00:00	/tmp/prysm-r2-extra-logs.Rd7MjT/round2-prysm-geth-76.tar.gz	beacon.log	717	2026-09-05T01:33:12.219198051Z [2026-09-05 01:33:12.21]  INFO rpc/validator: Building block sinceSlotStartTime=218.999257ms slot=16
16	76	BN	payload_selected	2026-09-05T01:33:12.703632+00:00	/tmp/prysm-r2-extra-logs.Rd7MjT/round2-prysm-geth-76.tar.gz	beacon.log	722	2026-09-05T01:33:12.703632422Z [2026-09-05 01:33:12.70]  INFO rpc/validator: Chose payload bid slot=16 source=self-build valueGwei=0
16	76	BN	build_finished	2026-09-05T01:33:13.816690+00:00	/tmp/prysm-r2-extra-logs.Rd7MjT/round2-prysm-geth-76.tar.gz	beacon.log	724	2026-09-05T01:33:13.816690994Z [2026-09-05 01:33:13.81]  INFO rpc/validator: Finished building block sinceSlotStartTime=1.81648205s slot=16 validator=107427
16	76	VC	submitted	2026-09-05T01:33:18.773790+00:00	/tmp/prysm-r2-extra-logs.Rd7MjT/round2-prysm-geth-76.tar.gz	validator.log	1846	2026-09-05T01:33:18.773790607Z [2026-09-05 01:33:18.77]  INFO client: Submitted new block attestationCount=8 bidValue=0 blockHash=0x03b9534aa356 blockRoot=0x4b07a2a4ef49 builderIndex=self-build depositCount=0 fork=gloas gasLimit=199804689 graffiti=prysm-geth-76 GEaa1fPM0280 parentHash=0x296b50f55c75 payloadAttestationCount=0 pubkey=0x801b58c728f8 slot=16
