node	owned_slot	previous_slot_validator_info	owned_slot_validator_info	owned_slot_validator_warn_error	next_slot_validator_info	terminal_events	terminal_anchors	first_submission_after_slot_end	first_submission_after_slot_end_type	first_submission_after_slot_end_anchor
169	1	"{""Duties schedule"":1,""Schedule for epoch 0"":1,""Submitted new aggregate attestations"":1,""Submitted new attestations"":1,""Submitted payload attestations"":1,""Submitted sync committee contributions and proofs"":1,""Submitted sync committee messages"":1}"	"{""Duties schedule"":1,""Skipping payload attestation: no block for slot"":1}"	"{""Could not get signed attestation data for aggregation"":3,""Could not get sync subcommittee index"":1,""Could not request attestation to sign at slot"":75,""Could not request payload attestation data"":3,""Could not request sync message block root to sign"":2,""Could not submit aggregate selection proof to beacon node"":3,""Failed to sign randao reveal"":1}"	"{""Duties schedule"":1}"	Failed to sign randao reveal@2026-09-05T01:30:24.002452348Z	/tmp/prysm-r2-extra-logs.Rd7MjT/round2-prysm-geth-169.tar.gz::validator.log:694	2026-09-05T01:31:36.002588491Z	Submitted new attestations	/tmp/prysm-r2-extra-logs.Rd7MjT/round2-prysm-geth-169.tar.gz::validator.log:1206
191	2	"{""Duties schedule"":1}"	"{""Duties schedule"":1}"	"{""Could not check if any validator is a sync committee aggregator"":1,""Could not get signed attestation data for aggregation"":1,""Could not request attestation to sign at slot"":58,""Could not request payload attestation data"":2,""Could not request sync message block root to sign"":3,""Could not submit aggregate selection proof to beacon node"":1,""Could not submit sync committee message"":3,""Failed to sign randao reveal"":1}"	"{""Duties schedule"":1}"	Failed to sign randao reveal@2026-09-05T01:30:36.004480876Z	/tmp/prysm-r2-extra-logs.Rd7MjT/round2-prysm-geth-191.tar.gz::validator.log:780	2026-09-05T01:33:11.953277836Z	Submitted new attestations	/tmp/prysm-r2-extra-logs.Rd7MjT/round2-prysm-geth-191.tar.gz::validator.log:1866
22	3	"{""Duties schedule"":1}"	"{""Duties schedule"":1}"	"{""Could not check if any validator is a sync committee aggregator"":2,""Could not get signed attestation data for aggregation"":3,""Could not request attestation to sign at slot"":96,""Could not request payload attestation data"":7,""Could not request sync message block root to sign"":6,""Could not submit aggregate selection proof to beacon node"":3,""Failed to sign randao reveal"":1}"	"{""Duties schedule"":1}"	Failed to sign randao reveal@2026-09-05T01:30:48.003364340Z	/tmp/prysm-r2-extra-logs.Rd7MjT/round2-prysm-geth-22.tar.gz::validator.log:800	2026-09-05T01:32:46.084345882Z	Submitted new attestations	/tmp/prysm-r2-extra-logs.Rd7MjT/round2-prysm-geth-22.tar.gz::validator.log:1633
91	4	"{""Duties schedule"":1}"	"{""Duties schedule"":1}"	"{""Could not check if any validator is a sync committee aggregator"":2,""Could not get signed attestation data for aggregation"":2,""Could not request attestation to sign at slot"":75,""Could not request payload attestation data"":3,""Could not request sync message block root to sign"":8,""Could not submit aggregate selection proof to beacon node"":2,""Failed to sign randao reveal"":1}"	"{""Duties schedule"":1}"	Failed to sign randao reveal@2026-09-05T01:31:00.003910654Z	/tmp/prysm-r2-extra-logs.Rd7MjT/round2-prysm-geth-91.tar.gz::validator.log:839	2026-09-05T01:31:48.015187596Z	Submitted sync committee messages	/tmp/prysm-r2-extra-logs.Rd7MjT/round2-prysm-geth-91.tar.gz::validator.log:1272
118	5	"{""Duties schedule"":1}"	"{""Duties schedule"":1,""Skipping payload attestation: no block for slot"":2,""Submitted sync committee messages"":1}"	"{""Could not check if any validator is a sync committee aggregator"":1,""Could not get sync subcommittee index"":1,""Could not request sync message block root to sign"":2,""Could not submit aggregate selection proof to beacon node"":1,""Could not submit attestation to beacon node"":67,""Could not submit sync committee message"":1,""Failed to request block from beacon node"":1}"	"{""Duties schedule"":1}"	Failed to request block from beacon node@2026-09-05T01:31:12.002351287Z | Could not build block@2026-09-05T01:31:14.527478983Z	/tmp/prysm-r2-extra-logs.Rd7MjT/round2-prysm-geth-118.tar.gz::validator.log:971 | /tmp/prysm-r2-extra-logs.Rd7MjT/round2-prysm-geth-118.tar.gz::beacon.log:528	2026-09-05T01:31:12.004383360Z	Submitted sync committee messages	/tmp/prysm-r2-extra-logs.Rd7MjT/round2-prysm-geth-118.tar.gz::validator.log:1005
83	6	"{""Duties schedule"":1}"	"{""Duties schedule"":1,""Submitted new attestations"":1,""Submitted sync committee messages"":1}"	"{""Could not check if any validator is a sync committee aggregator"":1,""Could not request payload attestation data"":3,""Could not request sync message block root to sign"":2,""Could not submit aggregate selection proof to beacon node"":2,""Failed to request block from beacon node"":1}"	"{""Duties schedule"":1,""Skipping payload attestation: no block for slot"":2,""Submitted new attestations"":1,""Submitted sync committee messages"":1}"	Failed to request block from beacon node@2026-09-05T01:31:16.634985550Z | Could not build block@2026-09-05T01:31:16.457180582Z	/tmp/prysm-r2-extra-logs.Rd7MjT/round2-prysm-geth-83.tar.gz::validator.log:1097 | /tmp/prysm-r2-extra-logs.Rd7MjT/round2-prysm-geth-83.tar.gz::beacon.log:546	2026-09-05T01:31:24.003362873Z	Submitted new attestations	/tmp/prysm-r2-extra-logs.Rd7MjT/round2-prysm-geth-83.tar.gz::validator.log:1100
144	7	"{""Duties schedule"":1}"	"{""Duties schedule"":1}"	"{""Could not check if any validator is a sync committee aggregator"":2,""Could not get signed attestation data for aggregation"":1,""Could not request attestation to sign at slot"":87,""Could not request payload attestation data"":7,""Could not request sync message block root to sign"":8,""Could not submit aggregate selection proof to beacon node"":1,""Failed to sign randao reveal"":1}"	"{""Duties schedule"":1}"	Failed to sign randao reveal@2026-09-05T01:31:36.002488933Z	/tmp/prysm-r2-extra-logs.Rd7MjT/round2-prysm-geth-144.tar.gz::validator.log:1122	2026-09-05T01:32:36.011764035Z	Submitted sync committee messages	/tmp/prysm-r2-extra-logs.Rd7MjT/round2-prysm-geth-144.tar.gz::validator.log:1612
19	8	"{""Duties schedule"":1,""Skipping payload attestation: no block for slot"":2}"	"{""Duties schedule"":1,""Skipping payload attestation: no block for slot"":5,""Submitted sync committee messages"":1}"	"{""Could not get sync committee domain data"":2,""Could not submit aggregate selection proof to beacon node"":2,""Could not submit attestation to beacon node"":68,""Could not submit sync committee message"":2,""Failed to request block from beacon node"":1}"	"{""Duties schedule"":1,""Skipping payload attestation: no block for slot"":3,""Submitted new aggregate attestations"":1,""Submitted new attestations"":1,""Submitted sync committee messages"":1}"	Failed to request block from beacon node@2026-09-05T01:31:48.002692639Z | Could not build block@2026-09-05T01:31:48.052566176Z	/tmp/prysm-r2-extra-logs.Rd7MjT/round2-prysm-geth-19.tar.gz::validator.log:1419 | /tmp/prysm-r2-extra-logs.Rd7MjT/round2-prysm-geth-19.tar.gz::beacon.log:540	2026-09-05T01:31:48.005348318Z	Submitted sync committee messages	/tmp/prysm-r2-extra-logs.Rd7MjT/round2-prysm-geth-19.tar.gz::validator.log:1479
107	9	"{""Duties schedule"":1}"	"{""Duties schedule"":1,""Submitted new attestations"":1,""Submitted sync committee messages"":1}"	"{""Could not check if any validator is a sync committee aggregator"":1,""Could not request sync message block root to sign"":6,""Could not submit aggregate selection proof to beacon node"":3,""Failed to request block from beacon node"":1}"	"{""Duties schedule"":1,""Submitted new attestations"":1,""Submitted sync committee messages"":1}"	Failed to request block from beacon node@2026-09-05T01:31:55.923308038Z | Could not build block@2026-09-05T01:31:55.638559131Z	/tmp/prysm-r2-extra-logs.Rd7MjT/round2-prysm-geth-107.tar.gz::validator.log:1207 | /tmp/prysm-r2-extra-logs.Rd7MjT/round2-prysm-geth-107.tar.gz::beacon.log:534	2026-09-05T01:32:00.012879011Z	Submitted new attestations	/tmp/prysm-r2-extra-logs.Rd7MjT/round2-prysm-geth-107.tar.gz::validator.log:1211
35	10	"{""Duties schedule"":1}"	"{""Duties schedule"":1,""Skipping payload attestation: no block for slot"":6,""Submitted new attestations"":1,""Submitted sync committee messages"":1}"	"{""Could not check if any validator is a sync committee aggregator"":1,""Could not get sync committee contribution"":1,""Could not request payload attestation data"":1,""Could not request sync message block root to sign"":5,""Failed to request block from beacon node"":1}"	"{""Duties schedule"":1}"	Failed to request block from beacon node@2026-09-05T01:32:12.004886514Z | Could not build block@2026-09-05T01:32:36.874620082Z	/tmp/prysm-r2-extra-logs.Rd7MjT/round2-prysm-geth-35.tar.gz::validator.log:1384 | /tmp/prysm-r2-extra-logs.Rd7MjT/round2-prysm-geth-35.tar.gz::beacon.log:522	2026-09-05T01:32:12.004981690Z	Submitted new attestations	/tmp/prysm-r2-extra-logs.Rd7MjT/round2-prysm-geth-35.tar.gz::validator.log:1385
117	11	"{""Duties schedule"":1,""Skipping payload attestation: no block for slot"":1,""Submitted new attestations"":1,""Submitted sync committee messages"":1}"	"{""Duties schedule"":1}"	"{""Could not check if any validator is a sync committee aggregator"":1,""Could not get signed attestation data for aggregation"":1,""Could not request attestation to sign at slot"":69,""Could not request payload attestation data"":10,""Could not request sync message block root to sign"":2,""Could not submit aggregate selection proof to beacon node"":1,""Failed to sign randao reveal"":1}"	"{""Duties schedule"":1}"	Failed to sign randao reveal@2026-09-05T01:32:24.012453541Z	/tmp/prysm-r2-extra-logs.Rd7MjT/round2-prysm-geth-117.tar.gz::validator.log:1130	2026-09-05T01:32:48.014565128Z	Submitted sync committee messages	/tmp/prysm-r2-extra-logs.Rd7MjT/round2-prysm-geth-117.tar.gz::validator.log:1356
14	12	"{""Duties schedule"":1,""Skipping payload attestation: no block for slot"":2,""Submitted sync committee messages"":1}"	"{""Duties schedule"":1}"	"{""Could not check if any validator is a sync committee aggregator"":1,""Could not get signed attestation data for aggregation"":2,""Could not request attestation to sign at slot"":66,""Could not request payload attestation data"":4,""Could not request sync message block root to sign"":1,""Could not submit aggregate selection proof to beacon node"":2,""Failed to sign randao reveal"":1}"	"{""Duties schedule"":1}"	Failed to sign randao reveal@2026-09-05T01:32:36.007049729Z	/tmp/prysm-r2-extra-logs.Rd7MjT/round2-prysm-geth-14.tar.gz::validator.log:1391	2026-09-05T01:33:00.002180442Z	Submitted new attestations	/tmp/prysm-r2-extra-logs.Rd7MjT/round2-prysm-geth-14.tar.gz::validator.log:1526
20	13	"{""Duties schedule"":1}"	"{""Duties schedule"":1,""Submitted new attestations"":1}"	"{""Could not get signed attestation data for aggregation"":1,""Could not request attestation to sign at slot"":66,""Could not request payload attestation data"":2,""Could not submit aggregate selection proof to beacon node"":1,""Failed to request block from beacon node"":1}"	"{""Duties schedule"":1,""Submitted new attestations"":1}"	Failed to request block from beacon node@2026-09-05T01:32:48.008413834Z | Fail to build block: could not get parent state@2026-09-05T01:32:48.038076668Z	/tmp/prysm-r2-extra-logs.Rd7MjT/round2-prysm-geth-20.tar.gz::validator.log:1221 | /tmp/prysm-r2-extra-logs.Rd7MjT/round2-prysm-geth-20.tar.gz::beacon.log:531	2026-09-05T01:32:51.035990227Z	Submitted new attestations	/tmp/prysm-r2-extra-logs.Rd7MjT/round2-prysm-geth-20.tar.gz::validator.log:1274
85	14	"{""Duties schedule"":1,""Skipping payload attestation: no block for slot"":1,""Submitted new attestations"":1,""Submitted sync committee contributions and proofs"":1,""Submitted sync committee messages"":1}"	"{""Duties schedule"":1,""Submitted new attestations"":1,""Submitted sync committee contributions and proofs"":1,""Submitted sync committee messages"":1}"	"{""Could not request payload attestation data"":4,""Could not submit aggregate selection proof to beacon node"":1,""Failed to request block from beacon node"":1}"	"{""Duties schedule"":1,""Skipping payload attestation: no block for slot"":5,""Submitted new attestations"":1,""Submitted sync committee contributions and proofs"":1,""Submitted sync committee messages"":1}"	Failed to request block from beacon node@2026-09-05T01:33:00.002297931Z | Could not build block@2026-09-05T01:33:31.996258911Z	/tmp/prysm-r2-extra-logs.Rd7MjT/round2-prysm-geth-85.tar.gz::validator.log:1561 | /tmp/prysm-r2-extra-logs.Rd7MjT/round2-prysm-geth-85.tar.gz::beacon.log:563	2026-09-05T01:33:00.002477367Z	Submitted new attestations	/tmp/prysm-r2-extra-logs.Rd7MjT/round2-prysm-geth-85.tar.gz::validator.log:1562
32	15	"{""Duties schedule"":1,""Skipping payload attestation: no block for slot"":2,""Submitted new aggregate attestations"":1,""Submitted new attestations"":1,""Submitted sync committee messages"":1}"	"{""Duties schedule"":1,""Submitted new aggregate attestations"":1,""Submitted new attestations"":1,""Submitted new block"":1,""Submitted payload attestations"":1,""Submitted sync committee messages"":1}"	{}	"{""Duties schedule"":1,""Submitted new aggregate attestations"":1,""Submitted new attestations"":1,""Submitted payload attestations"":1,""Submitted sync committee messages"":1}"	Submitted new block@2026-09-05T01:33:01.658630063Z | Finished building block@2026-09-05T01:33:01.482230895Z	/tmp/prysm-r2-extra-logs.Rd7MjT/round2-prysm-geth-32.tar.gz::validator.log:1324 | /tmp/prysm-r2-extra-logs.Rd7MjT/round2-prysm-geth-32.tar.gz::beacon.log:536	2026-09-05T01:33:21.005946543Z	Submitted new attestations	/tmp/prysm-r2-extra-logs.Rd7MjT/round2-prysm-geth-32.tar.gz::validator.log:1329
76	16	"{""Duties schedule"":1,""Submitted new aggregate attestations"":1,""Submitted new attestations"":1,""Submitted payload attestations"":1,""Submitted sync committee messages"":1}"	"{""Duties schedule"":1,""Submitted new aggregate attestations"":1,""Submitted new attestations"":1,""Submitted new block"":1,""Submitted payload attestations"":1,""Submitted sync committee messages"":1}"	{}	"{""Duties schedule"":1,""Submitted new aggregate attestations"":1,""Submitted new attestations"":1,""Submitted payload attestations"":1,""Submitted sync committee messages"":1}"	Submitted new block@2026-09-05T01:33:18.773790607Z | Finished building block@2026-09-05T01:33:13.816690994Z	/tmp/prysm-r2-extra-logs.Rd7MjT/round2-prysm-geth-76.tar.gz::validator.log:1846 | /tmp/prysm-r2-extra-logs.Rd7MjT/round2-prysm-geth-76.tar.gz::beacon.log:724	2026-09-05T01:33:33.971577811Z	Submitted new attestations	/tmp/prysm-r2-extra-logs.Rd7MjT/round2-prysm-geth-76.tar.gz::validator.log:1851
