node	owned_slot	archive	bytes
169	1	/tmp/prysm-r2-extra-logs.Rd7MjT/round2-prysm-geth-169.tar.gz	820835
191	2	/tmp/prysm-r2-extra-logs.Rd7MjT/round2-prysm-geth-191.tar.gz	825518
22	3	/tmp/prysm-r2-extra-logs.Rd7MjT/round2-prysm-geth-22.tar.gz	818438
91	4	/tmp/prysm-r2-extra-logs.Rd7MjT/round2-prysm-geth-91.tar.gz	822981
118	5	/tmp/prysm-r2-extra-logs.Rd7MjT/round2-prysm-geth-118.tar.gz	810200
83	6	/tmp/prysm-r2-extra-logs.Rd7MjT/round2-prysm-geth-83.tar.gz	819491
144	7	/tmp/prysm-r2-extra-logs.Rd7MjT/round2-prysm-geth-144.tar.gz	826590
19	8	/tmp/prysm-r2-extra-logs.Rd7MjT/round2-prysm-geth-19.tar.gz	826150
107	9	/tmp/prysm-r2-extra-logs.Rd7MjT/round2-prysm-geth-107.tar.gz	816642
35	10	/tmp/prysm-r2-extra-logs.Rd7MjT/round2-prysm-geth-35.tar.gz	816747
117	11	/tmp/prysm-r2-extra-logs.Rd7MjT/round2-prysm-geth-117.tar.gz	778786
14	12	/tmp/prysm-r2-extra-logs.Rd7MjT/round2-prysm-geth-14.tar.gz	808492
20	13	/tmp/prysm-r2-extra-logs.Rd7MjT/round2-prysm-geth-20.tar.gz	820167
85	14	/tmp/prysm-r2-extra-logs.Rd7MjT/round2-prysm-geth-85.tar.gz	822820
32	15	/tmp/prysm-r2-extra-logs.Rd7MjT/round2-prysm-geth-32.tar.gz	811547
76	16	/tmp/prysm-r2-extra-logs.Rd7MjT/round2-prysm-geth-76.tar.gz	816052
